Date,Month,Line,Contour,Pot #,Depth,BAIT,SEX,Carapace Width
4/7/14,April,NH,40,1,41,RF,2,158
4/7/14,April,NH,40,1,41,RF,1,159
4/7/14,April,NH,40,1,41,RF,2,149
4/7/14,April,NH,40,1,41,RF,2,147
4/7/14,April,NH,40,1,41,RF,2,149
4/7/14,April,NH,40,1,41,RF,2,152
4/7/14,April,NH,40,1,41,RF,2,155
4/7/14,April,NH,40,2,40.8,RF,2,155
4/7/14,April,NH,40,2,40.8,RF,2,124
4/7/14,April,NH,40,2,40.8,RF,1,123
4/7/14,April,NH,40,2,40.8,RF,2,160
4/7/14,April,NH,40,2,40.8,RF,2,144
4/7/14,April,NH,40,2,40.8,RF,1,166
4/7/14,April,NH,40,2,40.8,RF,2,160
4/7/14,April,NH,40,2,40.8,RF,2,149
4/7/14,April,NH,40,3,39.7,RF,2,162
4/7/14,April,NH,40,3,39.7,RF,1,158
4/7/14,April,NH,40,3,39.7,RF,2,137
4/7/14,April,NH,40,3,39.7,RF,1,155
4/7/14,April,NH,40,3,39.7,RF,2,162
4/7/14,April,NH,40,3,39.7,RF,2,150
4/7/14,April,NH,60,1,60,RF,1,128
4/7/14,April,NH,60,1,60,RF,2,156
4/7/14,April,NH,60,1,60,RF,2,128
4/7/14,April,NH,60,1,60,RF,2,150
4/7/14,April,NH,60,1,60,RF,2,141
4/7/14,April,NH,60,1,60,RF,2,124
4/7/14,April,NH,60,2,60.1,RF,2,149
4/7/14,April,NH,60,2,60.1,RF,2,149
4/7/14,April,NH,60,3,59.7,RF,1,166
4/7/14,April,NH,60,3,59.7,RF,2,132
4/7/14,April,NH,60,3,59.7,RF,1,150
4/7/14,April,PD,60,1,60.5,RF,1,172
4/7/14,April,PD,60,2,60.6,RF,2,134
4/7/14,April,PD,60,2,60.6,RF,2,146
4/7/14,April,PD,60,3,61.8,RF,2,112
4/7/14,April,PD,60,3,61.8,RF,1,145
4/7/14,April,PD,60,3,61.8,RF,2,143
4/7/14,April,PD,40,1,36.7,RF,2,156
4/7/14,April,PD,40,1,36.7,RF,2,145
4/7/14,April,PD,40,1,36.7,RF,1,161
4/7/14,April,PD,40,1,36.7,RF,2,157
4/7/14,April,PD,40,1,36.7,RF,2,154
4/7/14,April,PD,40,1,36.7,RF,2,147
4/7/14,April,PD,40,1,36.7,RF,2,158
4/7/14,April,PD,40,1,36.7,RF,1,156
4/7/14,April,PD,40,2,37.1,RF,2,135
4/7/14,April,PD,40,2,37.1,RF,1,164
4/7/14,April,PD,40,2,37.1,RF,2,157
4/7/14,April,PD,40,2,37.1,RF,2,144
4/7/14,April,PD,40,2,37.1,RF,2,150
4/7/14,April,PD,40,2,37.1,RF,2,160
4/7/14,April,PD,40,2,37.1,RF,2,157
4/7/14,April,PD,40,2,37.1,RF,1,126
4/7/14,April,PD,40,3,37.5,RF,1,188
4/7/14,April,PD,40,3,37.5,RF,2,175
4/7/14,April,PD,40,3,37.5,RF,1,160
4/7/14,April,PD,40,3,37.5,RF,1,162
4/7/14,April,PD,40,3,37.5,RF,2,165
4/7/14,April,PD,40,3,37.5,RF,2,158
4/7/14,April,PD,40,3,37.5,RF,1,165
4/7/14,April,SB,40,1,40.8,RF,2,160
4/7/14,April,SB,40,1,40.8,RF,2,150
4/7/14,April,SB,40,1,40.8,RF,2,156
4/7/14,April,SB,40,1,40.8,RF,2,154
4/7/14,April,SB,40,1,40.8,RF,2,151
4/7/14,April,SB,40,1,40.8,RF,2,167
4/7/14,April,SB,40,1,40.8,RF,2,153
4/7/14,April,SB,40,1,40.8,RF,1,149
4/7/14,April,SB,40,1,40.8,RF,2,151
4/7/14,April,SB,40,2,39.7,RF,2,166
4/7/14,April,SB,40,2,39.7,RF,2,170
4/7/14,April,SB,40,2,39.7,RF,2,161
4/7/14,April,SB,40,2,39.7,RF,2,149
4/7/14,April,SB,40,2,39.7,RF,2,167
4/7/14,April,SB,40,2,39.7,RF,2,151
4/7/14,April,SB,40,2,39.7,RF,2,165
4/7/14,April,SB,40,2,39.7,RF,2,161
4/7/14,April,SB,40,2,39.7,RF,2,154
4/7/14,April,SB,40,2,39.7,RF,1,167
4/7/14,April,SB,40,2,39.7,RF,2,162
4/7/14,April,SB,40,2,39.7,RF,2,157
4/7/14,April,SB,40,2,39.7,RF,1,164
4/7/14,April,SB,40,2,39.7,RF,2,159
4/7/14,April,SB,40,2,39.7,RF,2,149
4/7/14,April,SB,40,3,39.2,RF,2,164
4/7/14,April,SB,40,3,39.2,RF,2,161
4/7/14,April,SB,60,2,60.5,RF,2,158
4/7/14,April,SB,60,3,60.3,RF,2,154
4/7/14,April,SB,60,3,60.3,RF,2,148
4/7/14,April,SB,60,3,60.3,RF,2,152
4/7/14,April,SB,60,3,60.3,RF,2,150
4/7/14,April,SB,60,3,60.3,RF,2,159
4/7/14,April,SB,60,3,60.3,RF,2,152
4/7/14,April,SB,60,3,60.3,RF,2,145
4/23/15,April,BB,30,Trawl,,,2,132
4/23/15,April,BB,30,Trawl,,,2,128
4/23/15,April,BB,40,Trawl,,,2,128
4/23/15,April,BB,40,Trawl,,,2,109
4/23/15,April,MB,40,Trawl,,,2,174
4/23/15,April,MB,40,Trawl,,,2,124
4/23/15,April,MB,40,Trawl,,,2,113
4/23/15,April,NH,40,Trawl,,,2,122
4/23/15,April,NH,40,Trawl,,,2,114
4/23/15,April,NH,40,Trawl,,,1,149
4/23/15,April,NH,40,Trawl,,,1,126
4/23/15,April,MB,50,Trawl,,,2,125
4/23/15,April,MB,50,Trawl,,,2,130
4/23/15,April,MB,50,Trawl,,,2,94
4/23/15,April,BB,50,Trawl,,,2,112
4/23/15,April,BB,50,Trawl,,,2,135
4/23/15,April,NH,30,Trawl,,,2,124
4/23/15,April,NH,30,Trawl,,,3,79
4/23/15,April,NH,30,Trawl,,,3,60
4/23/15,April,NH,30,Trawl,,,2,80
4/23/15,April,NH,30,Trawl,,,3,77
4/23/15,April,NH,30,Trawl,,,3,68
4/23/15,April,NH,30,Trawl,,,3,64
4/23/15,April,NH,30,Trawl,,,2,88
4/23/15,April,NH,30,Trawl,,,3,66
4/23/15,April,NH,30,Trawl,,,1,89
4/23/15,April,NH,30,Trawl,,,1,85
4/23/15,April,NH,30,Trawl,,,2,79
4/23/15,April,NH,30,Trawl,,,3,56
4/23/15,April,NH,30,Trawl,,,2,80
4/23/15,April,NH,30,Trawl,,,2,72
4/23/15,April,NH,30,Trawl,,,1,80
4/23/15,April,NH,30,Trawl,,,3,72
4/23/15,April,MB,30,Trawl,,,2,121
4/23/15,April,MB,30,Trawl,,,2,113
4/23/15,April,MB,30,Trawl,,,2,130
4/23/15,April,MB,30,Trawl,,,2,154
4/23/15,April,MB,30,Trawl,,,2,119
4/23/15,April,MB,30,Trawl,,,2,118
8/30/10,August,BB,30,Trawl,,,2,140
8/30/10,August,BB,30,Trawl,,,1,150
8/30/10,August,BB,50,Trawl,,,1,120
8/30/10,August,NH,30,Trawl,,,1,85
8/30/10,August,NH,40,Trawl,,,1,70
8/30/10,August,NH,40,Trawl,,,1,70
8/30/10,August,NH,40,Trawl,,,1,90
8/30/10,August,NH,40,Trawl,,,1,190
8/30/10,August,NH,50,Trawl,,,2,90
8/30/10,August,NH,50,Trawl,,,2,85
8/30/10,August,NH,50,Trawl,,,1,190
8/30/10,August,MB,30,Trawl,,,1,70
8/30/10,August,MB,40,Trawl,,,2,90
8/30/10,August,MB,40,Trawl,,,2,80
8/30/10,August,MB,40,Trawl,,,1,140
8/11/11,August,BB,30,Trawl,,,1,175
8/11/11,August,BB,40,Trawl,,,2,150
8/11/11,August,BB,40,Trawl,,,2,115
8/11/11,August,NH,30,Trawl,,,1,210
8/11/11,August,NH,30,Trawl,,,1,210
8/11/11,August,NH,30,Trawl,,,1,150
8/11/11,August,NH,30,Trawl,,,2,160
8/11/11,August,NH,40,Trawl,,,1,135
8/11/11,August,NH,40,Trawl,,,1,140
8/11/11,August,NH,40,Trawl,,,1,155
8/11/11,August,NH,40,Trawl,,,1,180
8/11/11,August,NH,40,Trawl,,,2,115
8/11/11,August,MB,30,Trawl,,,1,175
8/11/11,August,MB,40,Trawl,,,1,170
8/18/14,August,NH,30, Trawl,,,1,140
8/18/14,August,NH,30, Trawl,,,1,142
8/18/14,August,NH,30, Trawl,,,2,158
8/18/14,August,MB,30, Trawl,,,2,134
8/18/14,August,BB,30, Trawl,,,1,143
8/18/14,August,BB,30, Trawl,,,1,160
8/18/14,August,BB,30, Trawl,,,1,100
8/18/14,August,BB,40, Trawl,,,1,139
8/18/14,August,BB,40, Trawl,,,1,112
8/18/14,August,MB,40, Trawl,,,2,142
8/18/14,August,MB,40, Trawl,,,2,131
12/13/11,December,MB,40,Trawl,,,2,150
12/13/11,December,MB,50,Trawl,,,1,130
12/13/11,December,MB,50,Trawl,,,2,150
12/7/13,December,SB,60,1,,RF,1,191
12/7/13,December,SB,60,1,,RF,1,190
12/7/13,December,SB,60,1,,RF,1,185
12/7/13,December,SB,60,1,,RF,1,190
12/7/13,December,SB,60,1,,RF,1,184
12/7/13,December,SB,60,1,,RF,1,178
12/7/13,December,SB,60,1,,RF,1,187
12/7/13,December,SB,60,1,,RF,1,186
12/7/13,December,SB,60,1,,RF,1,182
12/7/13,December,SB,60,1,,RF,1,176
12/7/13,December,SB,60,1,,RF,1,201
12/7/13,December,SB,60,1,,RF,1,170
12/7/13,December,SB,60,1,,RF,1,184
12/7/13,December,SB,60,1,,RF,1,186
12/7/13,December,SB,60,1,,RF,1,169
12/7/13,December,SB,60,1,,RF,1,178
12/7/13,December,SB,60,1,,RF,1,189
12/7/13,December,SB,60,1,,RF,1,186
12/7/13,December,SB,60,1,,RF,1,190
12/7/13,December,SB,60,1,,RF,1,177
12/7/13,December,SB,60,1,,RF,1,190
12/7/13,December,SB,60,2,,RF,1,189
12/7/13,December,SB,60,2,,RF,1,191
12/7/13,December,SB,60,2,,RF,1,185
12/7/13,December,SB,60,2,,RF,1,170
12/7/13,December,SB,60,2,,RF,1,176
12/7/13,December,SB,60,2,,RF,1,192
12/7/13,December,SB,60,2,,RF,1,192
12/7/13,December,SB,60,3,,RF,1,185
12/7/13,December,SB,60,3,,RF,1,197
12/7/13,December,SB,60,3,,RF,1,193
12/7/13,December,SB,60,3,,RF,1,186
12/7/13,December,SB,60,3,,RF,1,198
12/7/13,December,SB,60,3,,RF,1,176
12/7/13,December,SB,60,3,,RF,1,184
12/7/13,December,SB,60,3,,RF,1,166
12/7/13,December,SB,60,3,,RF,1,172
12/7/13,December,SB,60,3,,RF,1,163
12/7/13,December,SB,60,3,,RF,1,180
12/7/13,December,SB,60,3,,RF,1,194
12/7/13,December,SB,60,3,,RF,1,187
12/7/13,December,SB,60,3,,RF,1,200
12/7/13,December,SB,60,3,,RF,1,171
12/7/13,December,SB,40,1,,RF,2,151
12/7/13,December,SB,40,1,,RF,1,174
12/7/13,December,SB,40,1,,RF,1,165
12/7/13,December,SB,40,1,,RF,1,170
12/7/13,December,SB,40,1,,RF,1,191
12/7/13,December,SB,40,1,,RF,1,172
12/7/13,December,SB,40,1,,RF,1,195
12/7/13,December,SB,40,1,,RF,1,196
12/7/13,December,SB,40,2,,RF,2,159
12/7/13,December,SB,40,2,,RF,1,175
12/7/13,December,SB,40,2,,RF,1,181
12/7/13,December,SB,40,2,,RF,1,197
12/7/13,December,SB,40,2,,RF,1,194
12/7/13,December,SB,40,2,,RF,1,192
12/7/13,December,SB,40,2,,RF,1,171
12/7/13,December,SB,40,3,,RF,2,172
12/7/13,December,SB,40,3,,RF,1,162
12/7/13,December,SB,40,3,,RF,1,179
12/7/13,December,SB,40,3,,RF,1,191
12/7/13,December,SB,40,3,,RF,1,175
12/7/13,December,SB,40,3,,RF,1,189
12/7/13,December,SB,40,3,,RF,1,197
12/7/13,December,SB,40,3,,RF,1,189
12/7/13,December,SB,40,3,,RF,1,198
12/7/13,December,SB,40,3,,RF,1,164
12/7/13,December,PD,40,1,,RF,1,169
12/7/13,December,PD,40,1,,RF,1,184
12/7/13,December,PD,40,1,,RF,1,183
12/7/13,December,PD,40,1,,RF,1,202
12/7/13,December,PD,40,1,,RF,1,186
12/7/13,December,PD,40,1,,RF,1,184
12/7/13,December,PD,40,1,,RF,1,176
12/7/13,December,PD,40,1,,RF,1,160
12/7/13,December,PD,40,1,,RF,1,189
12/7/13,December,PD,40,1,,RF,1,199
12/7/13,December,PD,40,1,,RF,1,176
12/7/13,December,PD,40,1,,RF,1,191
12/7/13,December,PD,40,1,,RF,1,186
12/7/13,December,PD,40,1,,RF,1,189
12/7/13,December,PD,40,2,,RF,1,184
12/7/13,December,PD,40,2,,RF,1,197
12/7/13,December,PD,40,2,,RF,1,182
12/7/13,December,PD,40,2,,RF,1,189
12/7/13,December,PD,40,2,,RF,1,169
12/7/13,December,PD,40,2,,RF,1,184
12/7/13,December,PD,40,2,,RF,1,187
12/7/13,December,PD,40,2,,RF,1,191
12/7/13,December,PD,40,2,,RF,1,183
12/7/13,December,PD,40,2,,RF,1,178
12/7/13,December,PD,40,2,,RF,1,169
12/7/13,December,PD,40,2,,RF,1,189
12/7/13,December,PD,40,2,,RF,1,176
12/7/13,December,PD,40,3,,RF,1,196
12/7/13,December,PD,40,3,,RF,1,197
12/7/13,December,PD,40,3,,RF,1,169
12/7/13,December,PD,40,3,,RF,1,188
12/7/13,December,PD,40,3,,RF,1,171
12/7/13,December,PD,40,3,,RF,1,186
12/7/13,December,PD,40,3,,RF,1,162
12/7/13,December,PD,40,3,,RF,1,156
12/7/13,December,PD,40,3,,RF,1,191
12/7/13,December,PD,40,3,,RF,1,192
12/7/13,December,PD,40,3,,RF,1,176
12/7/13,December,PD,60,1,,RF,1,173
12/7/13,December,PD,60,1,,RF,1,182
12/7/13,December,PD,60,1,,RF,1,181
12/7/13,December,PD,60,1,,RF,1,182
12/7/13,December,PD,60,1,,RF,1,175
12/7/13,December,PD,60,1,,RF,1,177
12/7/13,December,PD,60,1,,RF,1,186
12/7/13,December,PD,60,1,,RF,1,191
12/7/13,December,PD,60,1,,RF,1,177
12/7/13,December,PD,60,1,,RF,1,175
12/7/13,December,PD,60,1,,RF,1,182
12/7/13,December,PD,60,1,,RF,1,190
12/7/13,December,PD,60,1,,RF,1,192
12/7/13,December,PD,60,1,,RF,1,169
12/7/13,December,PD,60,2,,RF,1,190
12/7/13,December,PD,60,2,,RF,1,185
12/7/13,December,PD,60,2,,RF,1,172
12/7/13,December,PD,60,2,,RF,1,191
12/7/13,December,PD,60,2,,RF,1,178
12/7/13,December,PD,60,2,,RF,1,184
12/7/13,December,PD,60,2,,RF,1,185
12/7/13,December,PD,60,2,,RF,1,161
12/7/13,December,PD,60,2,,RF,1,171
12/7/13,December,PD,60,3,,RF,1,175
12/7/13,December,PD,60,3,,RF,1,177
12/7/13,December,PD,60,3,,RF,1,186
12/7/13,December,PD,60,3,,RF,1,180
12/7/13,December,PD,60,3,,RF,1,182
12/7/13,December,PD,60,3,,RF,1,166
12/7/13,December,PD,60,3,,RF,1,191
12/7/13,December,PD,60,3,,RF,1,169
12/7/13,December,PD,60,3,,RF,1,175
12/7/13,December,PD,60,3,,RF,1,179
12/7/13,December,PD,60,3,,RF,1,191
12/7/13,December,PD,60,3,,RF,1,178
12/7/13,December,PD,60,3,,RF,1,188
12/7/13,December,NH,60,1,,RF,1,180
12/7/13,December,NH,60,1,,RF,1,176
12/7/13,December,NH,60,1,,RF,1,184
12/7/13,December,NH,60,1,,RF,1,192
12/7/13,December,NH,60,1,,RF,1,186
12/7/13,December,NH,60,1,,RF,1,190
12/7/13,December,NH,60,1,,RF,1,183
12/7/13,December,NH,60,1,,RF,1,184
12/7/13,December,NH,60,1,,RF,1,194
12/7/13,December,NH,60,1,,RF,1,188
12/7/13,December,NH,60,1,,RF,1,186
12/7/13,December,NH,60,1,,RF,1,178
12/7/13,December,NH,60,1,,RF,1,187
12/7/13,December,NH,60,1,,RF,1,179
12/7/13,December,NH,60,1,,RF,1,180
12/7/13,December,NH,60,1,,RF,1,179
12/7/13,December,NH,60,3,,RF,1,195
12/7/13,December,NH,60,3,,RF,1,182
12/7/13,December,NH,60,3,,RF,1,215
12/7/13,December,NH,60,3,,RF,1,193
12/7/13,December,NH,60,3,,RF,1,176
12/7/13,December,NH,60,3,,RF,1,172
12/7/13,December,NH,60,3,,RF,1,190
12/7/13,December,NH,60,3,,RF,1,189
12/7/13,December,NH,60,3,,RF,1,189
12/7/13,December,NH,60,3,,RF,1,189
12/7/13,December,NH,40,1,,RF,1,181
12/7/13,December,NH,40,1,,RF,1,199
12/7/13,December,NH,40,1,,RF,1,175
12/7/13,December,NH,40,1,,RF,1,200
12/7/13,December,NH,40,1,,RF,1,191
12/7/13,December,NH,40,1,,RF,1,166
12/7/13,December,NH,40,1,,RF,1,187
12/7/13,December,NH,40,1,,RF,1,188
12/7/13,December,NH,40,1,,RF,1,181
12/7/13,December,NH,40,2,,RF,2,150
12/7/13,December,NH,40,2,,RF,1,179
12/7/13,December,NH,40,2,,RF,2,159
12/7/13,December,NH,40,2,,RF,1,190
12/7/13,December,NH,40,2,,RF,1,196
12/7/13,December,NH,40,2,,RF,1,188
12/7/13,December,NH,40,2,,RF,1,189
12/7/13,December,NH,40,2,,RF,1,186
12/7/13,December,NH,40,2,,RF,1,179
12/7/13,December,NH,40,2,,RF,1,189
12/7/13,December,NH,40,2,,RF,2,152
12/7/13,December,NH,40,2,,RF,1,189
12/7/13,December,NH,40,2,,RF,1,195
12/7/13,December,NH,40,2,,RF,1,168
12/7/13,December,NH,40,3,,RF,1,186
12/7/13,December,NH,40,3,,RF,1,193
12/7/13,December,NH,40,3,,RF,1,169
12/7/13,December,NH,40,3,,RF,1,170
12/7/13,December,NH,40,3,,RF,1,170
12/7/13,December,NH,40,3,,RF,1,175
12/7/13,December,NH,40,3,,RF,1,174
12/7/13,December,NH,40,3,,RF,1,191
12/7/13,December,NH,40,3,,RF,1,178
12/7/13,December,NH,40,3,,RF,1,181
12/7/13,December,NH,40,3,,RF,1,192
12/7/13,December,NH,40,3,,RF,1,181
12/11/13,December,BB,40,Trawl,,,1,106
12/11/13,December,MB,40,Trawl,,,1,91
12/11/13,December,NH,40,Trawl,,,3,81
2/11/11,February,BB,30,Trawl,,,2,120
2/11/11,February,BB,40,Trawl,,,1,160
2/11/11,February,BB,40,Trawl,,,2,140
2/11/11,February,BB,50,Trawl,,,2,130
2/11/11,February,NH,30,Trawl,,,2,90
2/11/11,February,NH,40,Trawl,,,2,160
2/11/11,February,MB,40,Trawl,,,2,150
2/11/11,February,MB,40,Trawl,,,2,130
2/25/14,February,NH,30,Trawl,,,2,104
2/25/14,February,NH,40,Trawl,,,1,88
2/25/14,February,NH,50,Trawl,,,2,125
2/26/15,February,NH,30,Trawl,,,1,70
2/26/15,February,NH,30,Trawl,,,1,82
2/26/15,February,NH,30,Trawl,,,2,132
2/26/15,February,NH,30,Trawl,,,1,110
2/26/15,February,NH,30,Trawl,,,2,112
2/26/15,February,MB,30,Trawl,,,1,42
2/26/15,February,MB,30,Trawl,,,1,49
2/26/15,February,MB,30,Trawl,,,1,44
2/26/15,February,MB,30,Trawl,,,1,62
2/26/15,February,MB,30,Trawl,,,1,50
2/26/15,February,MB,30,Trawl,,,1,49
2/26/15,February,MB,30,Trawl,,,1,43
2/26/15,February,MB,30,Trawl,,,1,44
2/26/15,February,MB,30,Trawl,,,1,50
2/26/15,February,BB,30,Trawl,,,2,109
2/26/15,February,BB,30,Trawl,,,2,104
2/26/15,February,BB,30,Trawl,,,2,100
2/26/15,February,BB,30,Trawl,,,1,103
2/26/15,February,BB,30,Trawl,,,2,91
2/26/15,February,BB,30,Trawl,,,1,99
2/26/15,February,MB,40,Trawl,,,2,163
2/26/15,February,MB,40,Trawl,,,2,117
2/26/15,February,MB,40,Trawl,,,2,112
2/26/15,February,NH,40,Trawl,,,2,110
2/26/15,February,NH,40,Trawl,,,2,99
2/26/15,February,NH,40,Trawl,,,2,132
2/26/15,February,NH,40,Trawl,,,1,164
1/8/15,January,NH,40,1,40.6,RF,1,160
1/8/15,January,NH,40,1,40.6,RF,2,142
1/8/15,January,NH,40,1,40.6,RF,2,142
1/8/15,January,NH,40,1,40.6,RF,1,166
1/8/15,January,NH,40,1,40.6,RF,2,152
1/8/15,January,NH,40,1,40.6,RF,2,153
1/8/15,January,NH,40,1,40.6,RF,2,135
1/8/15,January,NH,40,1,40.6,RF,2,149
1/8/15,January,NH,40,1,40.6,RF,2,140
1/8/15,January,NH,40,1,40.6,RF,2,154
1/8/15,January,NH,40,2,40.5,RF,2,160
1/8/15,January,NH,40,2,40.5,RF,2,162
1/8/15,January,NH,40,2,40.5,RF,2,145
1/8/15,January,NH,40,2,40.5,RF,1,152
1/8/15,January,NH,40,2,40.5,RF,2,158
1/8/15,January,NH,40,2,40.5,RF,1,169
1/8/15,January,NH,40,2,40.5,RF,2,150
1/8/15,January,NH,40,2,40.5,RF,2,148
1/8/15,January,NH,40,2,40.5,RF,1,142
1/8/15,January,NH,40,2,40.5,RF,2,159
1/8/15,January,NH,40,2,40.5,RF,2,151
1/8/15,January,NH,40,2,40.5,RF,2,152
1/8/15,January,NH,40,2,40.5,RF,1,163
1/8/15,January,NH,40,3,39.6,RF,1,150
1/8/15,January,NH,40,3,39.6,RF,2,155
1/8/15,January,NH,40,3,39.6,RF,2,168
1/8/15,January,NH,40,3,39.6,RF,1,152
1/8/15,January,NH,40,3,39.6,RF,2,159
1/8/15,January,NH,40,3,39.6,RF,1,167
1/8/15,January,NH,40,3,39.6,RF,2,160
1/8/15,January,NH,40,3,39.6,RF,2,150
1/8/15,January,NH,40,3,39.6,RF,2,162
1/8/15,January,NH,40,3,39.6,RF,1,142
1/8/15,January,NH,40,3,39.6,RF,2,154
1/8/15,January,NH,40,3,39.6,RF,2,130
1/8/15,January,NH,40,3,39.6,RF,2,165
1/8/15,January,NH,40,3,39.6,RF,2,151
1/8/15,January,NH,40,3,39.6,RF,1,120
1/8/15,January,NH,60,1,59.4,RF,1,159
1/8/15,January,NH,60,1,59.4,RF,2,162
1/8/15,January,NH,60,1,59.4,RF,2,149
1/8/15,January,NH,60,1,59.4,RF,2,125
1/8/15,January,NH,60,1,59.4,RF,2,156
1/8/15,January,NH,60,1,59.4,RF,2,132
1/8/15,January,NH,60,1,59.4,RF,2,153
1/8/15,January,NH,60,1,59.4,RF,2,158
1/8/15,January,NH,60,1,59.4,RF,2,132
1/8/15,January,NH,60,1,59.4,RF,1,136
1/8/15,January,NH,60,1,59.4,RF,2,128
1/8/15,January,NH,60,1,59.4,RF,2,164
1/8/15,January,NH,60,1,59.4,RF,2,132
1/8/15,January,NH,60,1,59.4,RF,2,167
1/8/15,January,NH,60,2,60.2,RF,1,163
1/8/15,January,NH,60,2,60.2,RF,1,166
1/8/15,January,NH,60,2,60.2,RF,2,154
1/8/15,January,NH,60,2,60.2,RF,2,151
1/8/15,January,NH,60,2,60.2,RF,2,166
1/8/15,January,NH,60,2,60.2,RF,2,142
1/8/15,January,NH,60,2,60.2,RF,1,131
1/8/15,January,NH,60,3,60.9,RF,1,193
1/8/15,January,NH,60,3,60.9,RF,1,160
1/8/15,January,NH,60,3,60.9,RF,2,156
1/8/15,January,NH,60,3,60.9,RF,2,153
1/8/15,January,NH,60,3,60.9,RF,2,151
1/8/15,January,NH,60,3,60.9,RF,2,150
1/8/15,January,NH,60,3,60.9,RF,2,135
1/8/15,January,NH,60,3,60.9,RF,1,162
1/8/15,January,PD,40,1,40,RF,1,161
1/8/15,January,PD,40,1,40,RF,1,163
1/8/15,January,PD,40,1,40,RF,2,163
1/8/15,January,PD,40,1,40,RF,2,172
1/8/15,January,PD,40,1,40,RF,1,160
1/8/15,January,PD,40,1,40,RF,1,162
1/8/15,January,PD,40,1,40,RF,2,168
1/8/15,January,PD,40,1,40,RF,2,150
1/8/15,January,PD,40,1,40,RF,2,156
1/8/15,January,PD,40,1,40,RF,2,139
1/8/15,January,PD,40,1,40,RF,1,163
1/8/15,January,PD,40,1,40,RF,2,157
1/8/15,January,PD,40,2,39.3,RF,2,158
1/8/15,January,PD,40,2,39.3,RF,1,150
1/8/15,January,PD,40,2,39.3,RF,2,159
1/8/15,January,PD,40,2,39.3,RF,2,178
1/8/15,January,PD,40,2,39.3,RF,2,157
1/8/15,January,PD,40,2,39.3,RF,2,140
1/8/15,January,PD,40,2,39.3,RF,2,148
1/8/15,January,PD,40,3,39.8,RF,2,116
1/8/15,January,PD,40,3,39.8,RF,2,158
1/8/15,January,PD,40,3,39.8,RF,2,168
1/8/15,January,PD,40,3,39.8,RF,2,153
1/8/15,January,PD,40,3,39.8,RF,2,170
1/8/15,January,PD,40,3,39.8,RF,2,146
1/8/15,January,PD,40,3,39.8,RF,2,153
1/8/15,January,PD,40,3,39.8,RF,2,161
1/8/15,January,PD,40,3,39.8,RF,1,141
1/8/15,January,PD,40,3,39.8,RF,2,156
1/8/15,January,PD,40,3,39.8,RF,1,135
1/8/15,January,PD,40,3,39.8,RF,2,130
1/8/15,January,PD,40,3,39.8,RF,2,122
1/8/15,January,PD,40,3,39.8,RF,1,154
1/8/15,January,PD,40,3,39.8,RF,2,155
1/8/15,January,PD,60,1,62.4,RF,1,161
1/8/15,January,PD,60,1,62.4,RF,1,155
1/8/15,January,PD,60,1,62.4,RF,2,150
1/8/15,January,PD,60,2,60.6,RF,2,158
1/8/15,January,PD,60,2,60.6,RF,1,160
1/8/15,January,PD,60,2,60.6,RF,1,166
1/8/15,January,PD,60,2,60.6,RF,1,154
1/8/15,January,PD,60,2,60.6,RF,1,154
1/8/15,January,PD,60,3,60.3,RF,1,192
1/8/15,January,SB,40,1,38.6,RF,2,157
1/8/15,January,SB,40,1,38.6,RF,1,142
1/8/15,January,SB,40,1,38.6,RF,2,160
1/8/15,January,SB,40,1,38.6,RF,2,148
1/8/15,January,SB,40,1,38.6,RF,2,162
1/8/15,January,SB,40,1,38.6,RF,1,157
1/8/15,January,SB,40,1,38.6,RF,2,161
1/8/15,January,SB,40,1,38.6,RF,2,159
1/8/15,January,SB,40,2,40.2,RF,2,154
1/8/15,January,SB,40,2,40.2,RF,1,163
1/8/15,January,SB,40,2,40.2,RF,2,148
1/8/15,January,SB,40,2,40.2,RF,2,150
1/8/15,January,SB,40,2,40.2,RF,1,165
1/8/15,January,SB,40,2,40.2,RF,1,157
1/8/15,January,SB,40,2,40.2,RF,1,150
1/8/15,January,SB,40,2,40.2,RF,2,171
1/8/15,January,SB,40,2,40.2,RF,2,150
1/8/15,January,SB,40,2,40.2,RF,2,164
1/8/15,January,SB,40,2,40.2,RF,2,144
1/8/15,January,SB,40,2,40.2,RF,1,156
1/8/15,January,SB,40,2,40.2,RF,2,150
1/8/15,January,SB,40,2,40.2,RF,2,157
1/8/15,January,SB,40,2,40.2,RF,2,144
1/8/15,January,SB,40,3,40,RF,1,145
1/8/15,January,SB,40,3,40,RF,2,159
1/8/15,January,SB,40,3,40,RF,2,160
1/8/15,January,SB,40,3,40,RF,2,161
1/8/15,January,SB,40,3,40,RF,1,151
1/8/15,January,SB,40,3,40,RF,2,164
1/8/15,January,SB,40,3,40,RF,2,150
1/8/15,January,SB,40,3,40,RF,2,165
1/8/15,January,SB,40,3,40,RF,2,156
1/8/15,January,SB,40,3,40,RF,2,131
1/8/15,January,SB,40,3,40,RF,2,168
1/8/15,January,SB,40,3,40,RF,2,153
1/8/15,January,SB,40,3,40,RF,2,149
1/8/15,January,SB,60,1,60.9,RF,2,167
1/8/15,January,SB,60,2,60.9,RF,2,156
1/8/15,January,SB,60,2,60.9,RF,2,160
1/8/15,January,SB,60,2,60.9,RF,2,141
1/8/15,January,SB,60,2,60.9,RF,2,126
1/8/15,January,SB,60,2,60.9,RF,2,160
1/8/15,January,SB,60,2,60.9,RF,2,153
1/8/15,January,SB,60,2,60.9,RF,2,149
1/8/15,January,SB,60,2,60.9,RF,1,157
1/8/15,January,SB,60,2,60.9,RF,1,162
1/8/15,January,SB,60,2,60.9,RF,2,155
1/8/15,January,SB,60,3,62,RF,2,172
1/8/15,January,SB,60,3,62,RF,2,160
1/8/15,January,SB,60,3,62,RF,2,155
1/8/15,January,SB,60,3,62,RF,2,159
1/8/15,January,SB,60,3,62,RF,2,150
1/8/15,January,SB,60,3,62,RF,1,162
1/8/15,January,SB,60,3,62,RF,1,160
1/8/15,January,SB,60,3,62,RF,1,147
1/8/15,January,SB,60,3,62,RF,1,152
1/8/15,January,SB,60,3,62,RF,2,144
6/25/10,June,BB,30,Trawl,,,1,135
6/25/10,June,BB,40,Trawl,,,2,70
6/25/10,June,BB,40,Trawl,,,1,115
6/25/10,June,NH,40,Trawl,,,2,155
6/25/10,June,NH,40,Trawl,,,2,75
6/25/10,June,NH,40,Trawl,,,2,75
6/25/10,June,NH,40,Trawl,,,2,90
6/25/10,June,NH,40,Trawl,,,1,100
6/25/10,June,NH,50,Trawl,,,2,85
6/25/10,June,MB,30,Trawl,,,1,90
6/25/10,June,MB,30,Trawl,,,1,90
6/25/10,June,MB,40,Trawl,,,2,70
6/25/10,June,MB,50,Trawl,,,2,75
6/25/10,June,MB,50,Trawl,,,2,75
6/25/10,June,MB,50,Trawl,,,2,80
6/25/10,June,MB,50,Trawl,,,2,80
6/25/10,June,MB,50,Trawl,,,2,65
6/25/10,June,MB,50,Trawl,,,1,98
6/25/10,June,MB,50,Trawl,,,1,80
6/25/10,June,MB,50,Trawl,,,1,80
6/25/10,June,MB,50,Trawl,,,1,70
6/25/10,June,MB,50,Trawl,,,1,80
6/25/10,June,MB,50,Trawl,,,1,65
6/25/10,June,MB,50,Trawl,,,1,70
6/25/10,June,MB,50,Trawl,,,1,75
6/25/10,June,MB,50,Trawl,,,1,75
6/25/10,June,MB,50,Trawl,,,1,65
6/25/10,June,MB,50,Trawl,,,1,80
6/25/10,June,MB,50,Trawl,,,1,70
6/25/10,June,MB,50,Trawl,,,1,80
6/6/11,June,NH,30,Trawl,,,2,110
6/6/11,June,NH,30,Trawl,,,2,160
6/6/11,June,NH,40,Trawl,,,2,115
6/29/12,June,NH,30, Trawl,,,1,180
6/29/12,June,MB,30, Trawl,,,1,130
6/29/12,June,MB,40, Trawl,,,1,200
6/29/12,June,NH,50, Trawl,,,1,180
6/29/12,June,BB,50, Trawl,,,1,160
6/29/12,June,BB,50, Trawl,,,2,120
6/29/12,June,BB,50, Trawl,,,1,190
6/28/13,June,NH,30, Trawl,,,1,173
6/28/13,June,NH,30, Trawl,,,2,145
6/28/13,June,NH,30, Trawl,,,1,150
6/28/13,June,NH,30, Trawl,,,1,115
6/28/13,June,NH,30, Trawl,,,2,145
6/28/13,June,NH,30, Trawl,,,2,128
6/28/13,June,NH,30, Trawl,,,2,155
6/28/13,June,NH,30, Trawl,,,2,147
6/28/13,June,NH,30, Trawl,,,1,182
6/28/13,June,NH,30, Trawl,,,2,143
6/28/13,June,NH,30, Trawl,,,1,125
6/28/13,June,NH,30, Trawl,,,2,107
6/28/13,June,NH,30, Trawl,,,2,154
6/28/13,June,NH,30, Trawl,,,1,185
6/28/13,June,NH,30, Trawl,,,2,123
6/28/13,June,NH,30, Trawl,,,2,143
6/28/13,June,NH,30, Trawl,,,1,173
6/28/13,June,NH,30, Trawl,,,2,142
6/28/13,June,NH,30, Trawl,,,2,133
6/28/13,June,NH,30, Trawl,,,2,143
6/28/13,June,BB,30, Trawl,,,1,184
6/28/13,June,BB,30, Trawl,,,2,74
6/28/13,June,BB,30, Trawl,,,2,66
6/28/13,June,BB,30, Trawl,,,1,57
6/28/13,June,BB,30, Trawl,,,1,57
6/28/13,June,BB,30, Trawl,,,2,67
6/28/13,June,BB,30, Trawl,,,2,72
6/28/13,June,BB,30, Trawl,,,1,65
6/28/13,June,BB,30, Trawl,,,2,58
6/28/13,June,BB,30, Trawl,,,1,67
6/28/13,June,BB,30, Trawl,,,1,75
6/28/13,June,BB,30, Trawl,,,1,63
6/28/13,June,BB,30, Trawl,,,2,56
6/28/13,June,BB,30, Trawl,,,1,68
6/28/13,June,BB,30, Trawl,,,2,58
6/28/13,June,BB,30, Trawl,,,2,62
6/28/13,June,BB,30, Trawl,,,1,63
6/28/13,June,BB,30, Trawl,,,2,64
6/28/13,June,BB,30, Trawl,,,2,52
6/28/13,June,BB,30, Trawl,,,2,59
6/28/13,June,BB,30, Trawl,,,1,66
6/28/13,June,BB,30, Trawl,,,2,67
6/28/13,June,BB,30, Trawl,,,2,52
6/28/13,June,BB,30, Trawl,,,2,58
6/28/13,June,BB,30, Trawl,,,2,60
6/28/13,June,BB,30, Trawl,,,1,79
6/28/13,June,BB,30, Trawl,,,2,55
6/28/13,June,BB,30, Trawl,,,1,59
6/28/13,June,BB,30, Trawl,,,2,62
6/28/13,June,BB,30, Trawl,,,1,53
6/28/13,June,BB,30, Trawl,,,1,79
6/28/13,June,BB,30, Trawl,,,2,64
6/28/13,June,BB,30, Trawl,,,1,63
6/28/13,June,BB,30, Trawl,,,1,68
6/28/13,June,BB,30, Trawl,,,1,59
6/28/13,June,BB,30, Trawl,,,2,71
6/28/13,June,BB,30, Trawl,,,2,56
6/28/13,June,BB,30, Trawl,,,1,58
6/28/13,June,BB,30, Trawl,,,2,58
6/28/13,June,BB,30, Trawl,,,1,50
6/28/13,June,BB,30, Trawl,,,2,55
6/28/13,June,BB,30, Trawl,,,1,54
6/28/13,June,BB,30, Trawl,,,2,54
6/28/13,June,BB,30, Trawl,,,2,52
6/28/13,June,BB,30, Trawl,,,2,61
6/28/13,June,BB,30, Trawl,,,2,70
6/28/13,June,BB,30, Trawl,,,1,65
6/28/13,June,BB,30, Trawl,,,1,64
6/28/13,June,BB,30, Trawl,,,1,64
6/28/13,June,BB,30, Trawl,,,1,53
6/28/13,June,BB,30, Trawl,,,1,58
6/28/13,June,BB,30, Trawl,,,1,63
6/28/13,June,BB,30, Trawl,,,1,46
6/28/13,June,BB,30, Trawl,,,1,72
6/28/13,June,BB,30, Trawl,,,1,42
6/28/13,June,BB,30, Trawl,,,1,48
6/28/13,June,BB,30, Trawl,,,1,64
6/28/13,June,BB,30, Trawl,,,1,50
6/28/13,June,BB,30, Trawl,,,1,62
6/28/13,June,BB,30, Trawl,,,1,58
6/28/13,June,BB,30, Trawl,,,1,47
6/28/13,June,BB,30, Trawl,,,1,57
6/28/13,June,BB,30, Trawl,,,2,57
6/28/13,June,BB,30, Trawl,,,2,71
6/28/13,June,BB,30, Trawl,,,2,49
6/28/13,June,BB,30, Trawl,,,2,59
6/28/13,June,BB,30, Trawl,,,2,60
6/28/13,June,BB,30, Trawl,,,2,51
6/28/13,June,BB,30, Trawl,,,2,57
6/28/13,June,BB,30, Trawl,,,2,59
6/28/13,June,BB,30, Trawl,,,2,57
6/28/13,June,BB,30, Trawl,,,2,59
6/28/13,June,BB,30, Trawl,,,2,56
6/28/13,June,BB,40, Trawl,,,2,155
6/28/13,June,BB,40, Trawl,,,2,139
6/28/13,June,BB,40, Trawl,,,2,141
6/28/13,June,BB,40, Trawl,,,2,137
6/28/13,June,BB,40, Trawl,,,2,142
6/28/13,June,BB,40, Trawl,,,2,124
6/28/13,June,MB,40, Trawl,,,1,157
6/28/13,June,MB,40, Trawl,,,2,151
6/28/13,June,MB,40, Trawl,,,2,145
6/28/13,June,MB,40, Trawl,,,2,156
6/28/13,June,MB,40, Trawl,,,2,128
6/28/13,June,NH,40, Trawl,,,2,115
6/28/13,June,NH,40, Trawl,,,2,153
6/28/13,June,NH,40, Trawl,,,2,132
6/28/13,June,BB,50, Trawl,,,2,134
6/18/14,June,NH,30, Trawl,,,1,130
6/18/14,June,NH,30, Trawl,,,1,52
6/18/14,June,NH,30, Trawl,,,1,61
6/18/14,June,NH,30, Trawl,,,1,53
6/18/14,June,NH,30, Trawl,,,1,52
6/18/14,June,NH,30, Trawl,,,2,71
6/18/14,June,MB,30, Trawl,,,1,122
6/18/14,June,MB,30, Trawl,,,1,164
6/18/14,June,MB,30, Trawl,,,1,79
6/18/14,June,BB,30, Trawl,,,1,130
6/18/14,June,BB,30, Trawl,,,1,189
6/18/14,June,BB,40, Trawl,,,2,148
6/18/14,June,BB,40, Trawl,,,1,161
6/18/14,June,BB,40, Trawl,,,2,122
6/18/14,June,NH,40, Trawl,,,1,59
6/18/14,June,NH,40, Trawl,,,2,69
6/18/14,June,NH,40, Trawl,,,1,61
6/18/14,June,NH,40, Trawl,,,1,59
6/18/14,June,NH,40, Trawl,,,2,71
6/18/14,June,NH,40, Trawl,,,2,78
6/18/14,June,NH,40, Trawl,,,2,50
6/18/14,June,NH,40, Trawl,,,2,52
6/18/14,June,NH,40, Trawl,,,2,50
6/18/14,June,NH,40, Trawl,,,2,52
6/18/14,June,NH,40, Trawl,,,2,52
6/18/14,June,NH,40, Trawl,,,1,62
6/18/14,June,NH,40, Trawl,,,1,59
6/18/14,June,NH,40, Trawl,,,1,49
6/18/14,June,NH,40, Trawl,,,2,58
6/18/14,June,NH,40, Trawl,,,1,49
6/18/14,June,NH,40, Trawl,,,2,52
6/18/14,June,NH,40, Trawl,,,1,50
6/18/14,June,NH,40, Trawl,,,2,49
6/18/14,June,NH,40, Trawl,,,1,59
6/18/14,June,NH,40, Trawl,,,2,52
6/18/14,June,NH,40, Trawl,,,2,76
6/18/14,June,NH,40, Trawl,,,1,64
6/18/14,June,NH,40, Trawl,,,1,58
6/18/14,June,NH,40, Trawl,,,2,64
6/18/14,June,NH,40, Trawl,,,2,58
6/18/14,June,NH,40, Trawl,,,2,52
6/18/14,June,NH,40, Trawl,,,2,64
6/18/14,June,NH,40, Trawl,,,2,60
6/18/14,June,NH,40, Trawl,,,2,60
6/18/14,June,NH,40, Trawl,,,1,52
6/18/14,June,NH,40, Trawl,,,1,48
6/18/14,June,NH,40, Trawl,,,1,54
6/18/14,June,NH,40, Trawl,,,1,56
6/18/14,June,NH,40, Trawl,,,1,130
6/18/14,June,NH,50, Trawl,,,2,116
6/18/14,June,NH,50, Trawl,,,2,128
6/18/14,June,BB,50, Trawl,,,1,116
6/18/14,June,BB,50, Trawl,,,1,114
6/18/14,June,BB,50, Trawl,,,1,114
6/18/14,June,BB,50, Trawl,,,1,136
6/18/14,June,BB,50, Trawl,,,1,130
6/18/14,June,BB,50, Trawl,,,2,156
6/27/14,June,NH,40,1,39.4,RF/GLG,2,164
6/27/14,June,NH,40,1,39.4,RF/GLG,2,168
6/27/14,June,NH,40,1,39.4,RF/GLG,1,158
6/27/14,June,NH,40,1,39.4,RF/GLG,2,158
6/27/14,June,NH,40,1,39.4,RF/GLG,1,164
6/27/14,June,NH,40,1,39.4,RF/GLG,1,150
6/27/14,June,NH,40,1,39.4,RF/GLG,1,165
6/27/14,June,NH,40,1,39.4,RF/GLG,2,158
6/27/14,June,NH,40,1,39.4,RF/GLG,1,129
6/27/14,June,NH,40,1,39.4,RF/GLG,1,159
6/27/14,June,NH,40,1,39.4,RF/GLG,2,165
6/27/14,June,NH,40,1,39.4,RF/GLG,2,158
6/27/14,June,NH,40,1,39.4,RF/GLG,1,154
6/27/14,June,NH,40,1,39.4,RF/GLG,1,149
6/27/14,June,NH,40,1,39.4,RF/GLG,2,134
6/27/14,June,NH,40,1,39.4,RF/GLG,2,163
6/27/14,June,NH,40,2,38.8,RF/GLG,2,158
6/27/14,June,NH,40,2,38.8,RF/GLG,2,167
6/27/14,June,NH,40,2,38.8,RF/GLG,2,149
6/27/14,June,NH,40,2,38.8,RF/GLG,2,157
6/27/14,June,NH,40,2,38.8,RF/GLG,1,170
6/27/14,June,NH,40,2,38.8,RF/GLG,2,152
6/27/14,June,NH,40,2,38.8,RF/GLG,2,154
6/27/14,June,NH,40,2,38.8,RF/GLG,2,154
6/27/14,June,NH,40,2,38.8,RF/GLG,2,148
6/27/14,June,NH,40,2,38.8,RF/GLG,2,165
6/27/14,June,NH,40,2,38.8,RF/GLG,2,170
6/27/14,June,NH,40,2,38.8,RF/GLG,1,167
6/27/14,June,NH,40,2,38.8,RF/GLG,2,154
6/27/14,June,NH,40,2,38.8,RF/GLG,2,129
6/27/14,June,NH,40,3,39,RF/GLG,2,165
6/27/14,June,NH,40,3,39,RF/GLG,1,175
6/27/14,June,NH,40,3,39,RF/GLG,1,148
6/27/14,June,NH,40,3,39,RF/GLG,1,185
6/27/14,June,NH,40,3,39,RF/GLG,2,156
6/27/14,June,NH,40,3,39,RF/GLG,1,165
6/27/14,June,NH,40,3,39,RF/GLG,2,159
6/27/14,June,NH,40,3,39,RF/GLG,2,164
6/27/14,June,NH,40,3,39,RF/GLG,1,162
6/27/14,June,NH,40,3,39,RF/GLG,2,154
6/27/14,June,NH,40,3,39,RF/GLG,1,170
6/27/14,June,NH,40,3,39,RF/GLG,2,161
6/27/14,June,NH,40,3,39,RF/GLG,2,158
6/27/14,June,NH,40,3,39,RF/GLG,1,160
6/27/14,June,NH,40,3,39,RF/GLG,1,170
6/27/14,June,NH,40,3,39,RF/GLG,2,163
6/27/14,June,NH,40,3,39,RF/GLG,2,134
6/27/14,June,NH,40,3,39,RF/GLG,2,156
6/27/14,June,NH,40,3,39,RF/GLG,2,158
6/27/14,June,NH,40,3,39,RF/GLG,2,149
6/27/14,June,NH,60,1,60.1,RF/GLG,1,174
6/27/14,June,NH,60,2,59.7,RF/GLG,1,143
6/27/14,June,NH,60,2,59.7,RF/GLG,2,154
6/27/14,June,NH,60,2,59.7,RF/GLG,2,156
6/27/14,June,NH,60,2,59.7,RF/GLG,2,166
6/27/14,June,NH,60,2,59.7,RF/GLG,2,162
6/27/14,June,NH,60,2,59.7,RF/GLG,2,143
6/27/14,June,NH,60,2,59.7,RF/GLG,1,181
6/27/14,June,NH,60,2,59.7,RF/GLG,2,147
6/27/14,June,NH,60,3,60.2,RF/GLG,2,146
6/27/14,June,NH,60,3,60.2,RF/GLG,2,153
6/27/14,June,NH,60,3,60.2,RF/GLG,2,144
6/27/14,June,NH,60,3,60.2,RF/GLG,2,163
6/27/14,June,NH,60,3,60.2,RF/GLG,2,155
6/27/14,June,NH,60,3,60.2,RF/GLG,2,134
6/27/14,June,NH,60,3,60.2,RF/GLG,1,195
6/27/14,June,NH,60,3,60.2,RF/GLG,1,178
6/27/14,June,NH,60,3,60.2,RF/GLG,1,160
6/27/14,June,NH,60,3,60.2,RF/GLG,1,170
6/27/14,June,PD,60,1,62.1,RF/GLG,1,200
6/27/14,June,PD,60,1,62.1,RF/GLG,1,170
6/27/14,June,PD,60,1,62.1,RF/GLG,1,177
6/27/14,June,PD,60,1,62.1,RF/GLG,1,154
6/27/14,June,PD,60,1,62.1,RF/GLG,2,159
6/27/14,June,PD,60,1,62.1,RF/GLG,2,169
6/27/14,June,PD,60,1,62.1,RF/GLG,2,160
6/27/14,June,PD,60,2,61.8,RF/GLG,1,188
6/27/14,June,PD,60,2,61.8,RF/GLG,1,173
6/27/14,June,PD,60,2,61.8,RF/GLG,1,173
6/27/14,June,PD,60,2,61.8,RF/GLG,1,172
6/27/14,June,PD,60,2,61.8,RF/GLG,1,160
6/27/14,June,PD,60,2,61.8,RF/GLG,2,152
6/27/14,June,PD,60,3,61.6,RF/GLG,2,157
6/27/14,June,PD,60,3,61.6,RF/GLG,2,149
6/27/14,June,PD,60,3,61.6,RF/GLG,1,196
6/27/14,June,PD,60,3,61.6,RF/GLG,1,170
6/27/14,June,PD,60,3,61.6,RF/GLG,1,177
6/27/14,June,SB,60,1,62.5,RF/GLG,2,164
6/27/14,June,SB,60,1,62.5,RF/GLG,2,154
6/27/14,June,SB,60,1,62.5,RF/GLG,1,164
6/27/14,June,SB,60,1,62.5,RF/GLG,1,174
6/27/14,June,SB,60,1,62.5,RF/GLG,1,174
6/27/14,June,SB,60,1,62.5,RF/GLG,1,192
6/27/14,June,SB,60,1,62.5,RF/GLG,1,168
6/27/14,June,SB,60,1,62.5,RF/GLG,1,164
6/27/14,June,SB,60,1,62.5,RF/GLG,1,170
6/27/14,June,SB,60,1,62.5,RF/GLG,1,162
6/27/14,June,SB,60,1,62.5,RF/GLG,1,180
6/27/14,June,SB,60,1,62.5,RF/GLG,1,183
6/27/14,June,SB,60,1,62.5,RF/GLG,2,157
6/27/14,June,SB,60,1,62.5,RF/GLG,1,158
6/27/14,June,SB,60,1,62.5,RF/GLG,2,153
6/27/14,June,SB,60,2,62,RF/GLG,2,165
6/27/14,June,SB,60,2,62,RF/GLG,2,162
6/27/14,June,SB,60,2,62,RF/GLG,2,141
6/27/14,June,SB,60,2,62,RF/GLG,2,140
6/27/14,June,SB,60,2,62,RF/GLG,1,178
6/27/14,June,SB,60,2,62,RF/GLG,1,159
6/27/14,June,SB,60,2,62,RF/GLG,2,170
6/27/14,June,SB,60,2,62,RF/GLG,2,154
6/27/14,June,SB,60,2,62,RF/GLG,2,160
6/27/14,June,SB,60,2,62,RF/GLG,1,148
6/27/14,June,SB,60,2,62,RF/GLG,1,184
6/27/14,June,SB,60,2,62,RF/GLG,1,177
6/27/14,June,SB,60,2,62,RF/GLG,1,198
6/27/14,June,SB,60,3,61,RF/GLG,2,143
6/27/14,June,SB,60,3,61,RF/GLG,2,150
6/27/14,June,SB,60,3,61,RF/GLG,1,168
6/27/14,June,SB,60,3,61,RF/GLG,1,200
6/27/14,June,SB,60,3,61,RF/GLG,1,180
6/27/14,June,SB,60,3,61,RF/GLG,2,156
6/27/14,June,SB,60,3,61,RF/GLG,1,180
6/27/14,June,SB,60,3,61,RF/GLG,2,147
6/27/14,June,SB,60,3,61,RF/GLG,1,169
6/27/14,June,SB,60,3,61,RF/GLG,1,176
6/27/14,June,SB,60,3,61,RF/GLG,1,176
6/27/14,June,SB,40,1,40.8,RF/GLG,2,165
6/27/14,June,SB,40,1,40.8,RF/GLG,2,129
6/27/14,June,SB,40,1,40.8,RF/GLG,2,119
6/27/14,June,SB,40,1,40.8,RF/GLG,2,154
6/27/14,June,SB,40,1,40.8,RF/GLG,1,114
6/27/14,June,SB,40,1,40.8,RF/GLG,1,134
6/27/14,June,SB,40,1,40.8,RF/GLG,2,138
6/27/14,June,SB,40,1,40.8,RF/GLG,1,147
6/27/14,June,SB,40,1,40.8,RF/GLG,1,132
6/27/14,June,SB,40,1,40.8,RF/GLG,2,154
6/27/14,June,SB,40,1,40.8,RF/GLG,2,160
6/27/14,June,SB,40,1,40.8,RF/GLG,1,172
6/27/14,June,SB,40,1,40.8,RF/GLG,1,166
6/27/14,June,SB,40,2,40.6,RF/GLG,1,155
6/27/14,June,SB,40,2,40.6,RF/GLG,1,151
6/27/14,June,SB,40,2,40.6,RF/GLG,2,128
6/27/14,June,SB,40,2,40.6,RF/GLG,2,137
6/27/14,June,SB,40,2,40.6,RF/GLG,2,140
6/27/14,June,SB,40,2,40.6,RF/GLG,1,142
6/27/14,June,SB,40,2,40.6,RF/GLG,2,135
6/27/14,June,SB,40,2,40.6,RF/GLG,1,150
6/27/14,June,SB,40,2,40.6,RF/GLG,2,155
6/27/14,June,SB,40,2,40.6,RF/GLG,2,173
6/27/14,June,SB,40,2,40.6,RF/GLG,1,144
6/27/14,June,SB,40,2,40.6,RF/GLG,1,158
6/27/14,June,SB,40,2,40.6,RF/GLG,1,154
6/27/14,June,SB,40,2,40.6,RF/GLG,1,147
6/27/14,June,SB,40,2,40.6,RF/GLG,2,124
6/27/14,June,SB,40,2,40.6,RF/GLG,1,182
6/27/14,June,SB,40,2,40.6,RF/GLG,1,187
6/27/14,June,SB,40,2,40.6,RF/GLG,1,170
6/27/14,June,SB,40,2,40.6,RF/GLG,1,172
6/27/14,June,SB,40,2,40.6,RF/GLG,1,159
6/27/14,June,SB,40,2,40.6,RF/GLG,1,178
6/27/14,June,SB,40,3,39.9,RF/GLG,2,155
6/27/14,June,SB,40,3,39.9,RF/GLG,2,139
6/27/14,June,SB,40,3,39.9,RF/GLG,2,140
6/27/14,June,SB,40,3,39.9,RF/GLG,2,147
6/27/14,June,SB,40,3,39.9,RF/GLG,2,162
6/27/14,June,SB,40,3,39.9,RF/GLG,2,163
6/27/14,June,SB,40,3,39.9,RF/GLG,2,123
6/27/14,June,SB,40,3,39.9,RF/GLG,1,185
6/27/14,June,SB,40,3,39.9,RF/GLG,1,172
6/27/14,June,PD,40,1,38.2,RF/GLG,2,154
6/27/14,June,PD,40,1,38.2,RF/GLG,1,155
6/27/14,June,PD,40,1,38.2,RF/GLG,1,162
6/27/14,June,PD,40,1,38.2,RF/GLG,1,160
6/27/14,June,PD,40,1,38.2,RF/GLG,2,145
6/27/14,June,PD,40,1,38.2,RF/GLG,2,133
6/27/14,June,PD,40,1,38.2,RF/GLG,1,168
6/27/14,June,PD,40,1,38.2,RF/GLG,1,158
6/27/14,June,PD,40,1,38.2,RF/GLG,1,143
6/27/14,June,PD,40,1,38.2,RF/GLG,1,154
6/27/14,June,PD,40,2,38.1,RF/GLG,1,150
6/27/14,June,PD,40,2,38.1,RF/GLG,2,154
6/27/14,June,PD,40,2,38.1,RF/GLG,1,174
6/27/14,June,PD,40,2,38.1,RF/GLG,1,181
6/27/14,June,PD,40,2,38.1,RF/GLG,1,176
6/27/14,June,PD,40,2,38.1,RF/GLG,1,186
6/27/14,June,PD,40,2,38.1,RF/GLG,1,165
6/27/14,June,PD,40,2,38.1,RF/GLG,1,190
6/27/14,June,PD,40,2,38.1,RF/GLG,1,153
6/27/14,June,PD,40,2,38.1,RF/GLG,2,163
6/27/14,June,PD,40,2,38.1,RF/GLG,1,137
6/27/14,June,PD,40,2,38.1,RF/GLG,2,147
6/27/14,June,PD,40,2,38.1,RF/GLG,1,144
6/24/15,June,NH,40,1,41,RF,1,183
6/24/15,June,NH,40,1,41,RF,1,186
6/24/15,June,NH,40,1,41,RF,1,160
6/24/15,June,NH,40,1,41,RF,1,190
6/24/15,June,NH,40,1,41,RF,2,170
6/24/15,June,NH,40,1,41,RF,1,200
6/24/15,June,NH,40,1,41,RF,1,165
6/24/15,June,NH,40,1,41,RF,1,169
6/24/15,June,NH,40,1,41,RF,1,164
6/24/15,June,NH,40,1,41,RF,1,152
6/24/15,June,NH,40,1,41,RF,1,190
6/24/15,June,NH,40,1,41,RF,1,174
6/24/15,June,NH,40,1,41,RF,1,163
6/24/15,June,NH,40,1,41,RF,1,172
6/24/15,June,NH,40,3,41,RF,2,114
6/24/15,June,NH,40,3,41,RF,1,187
6/24/15,June,NH,40,3,41,RF,2,155
6/24/15,June,NH,40,3,41,RF,1,157
6/24/15,June,NH,40,3,41,RF,1,166
6/24/15,June,NH,40,3,41,RF,1,154
6/24/15,June,NH,40,3,41,RF,1,166
6/24/15,June,NH,40,3,41,RF,1,152
6/24/15,June,NH,40,3,41,RF,2,136
6/24/15,June,NH,40,3,41,RF,1,170
6/24/15,June,NH,40,3,41,RF,1,168
6/24/15,June,NH,40,3,41,RF,1,180
6/24/15,June,NH,40,3,41,RF,2,144
6/24/15,June,NH,60,1,59.1,RF,1,192
6/24/15,June,NH,60,1,59.1,RF,2,152
6/24/15,June,NH,60,1,59.1,RF,1,182
6/24/15,June,NH,60,1,59.1,RF,2,129
6/24/15,June,NH,60,1,59.1,RF,2,134
6/24/15,June,NH,60,1,59.1,RF,2,116
6/24/15,June,NH,60,1,59.1,RF,2,122
6/24/15,June,NH,60,1,59.1,RF,2,137
6/24/15,June,NH,60,1,59.1,RF,2,149
6/24/15,June,NH,60,1,59.1,RF,2,139
6/24/15,June,NH,60,1,59.1,RF,1,182
6/24/15,June,NH,60,1,59.1,RF,2,150
6/24/15,June,NH,60,1,59.1,RF,1,142
6/24/15,June,NH,60,1,59.1,RF,2,139
6/24/15,June,NH,60,2,57.7,RF,2,180
6/24/15,June,NH,60,2,57.7,RF,2,184
6/24/15,June,NH,60,2,57.7,RF,2,190
6/24/15,June,NH,60,2,57.7,RF,2,170
6/24/15,June,NH,60,2,57.7,RF,2,191
6/24/15,June,NH,60,3,57.5,RF,1,170
6/24/15,June,NH,60,3,57.5,RF,1,158
6/24/15,June,NH,60,3,57.5,RF,1,170
6/24/15,June,NH,60,3,57.5,RF,2,130
6/24/15,June,NH,60,3,57.5,RF,1,180
6/24/15,June,NH,60,3,57.5,RF,1,164
6/24/15,June,NH,60,3,57.5,RF,2,132
6/24/15,June,NH,60,3,57.5,RF,1,177
6/24/15,June,NH,60,3,57.5,RF,1,169
6/24/15,June,NH,60,3,57.5,RF,2,140
6/24/15,June,NH,60,3,57.5,RF,2,114
6/24/15,June,NH,60,3,57.5,RF,2,120
6/24/15,June,NH,60,3,57.5,RF,1,138
6/24/15,June,NH,60,3,57.5,RF,2,155
6/24/15,June,PD,40,1,38.6,RF,1,184
6/24/15,June,PD,40,1,38.6,RF,1,187
6/24/15,June,PD,40,1,38.6,RF,1,177
6/24/15,June,PD,40,1,38.6,RF,1,184
6/24/15,June,PD,40,1,38.6,RF,1,154
6/24/15,June,PD,40,1,38.6,RF,2,135
6/24/15,June,PD,40,1,38.6,RF,1,189
6/24/15,June,PD,40,1,38.6,RF,2,147
6/24/15,June,PD,40,1,38.6,RF,2,122
6/24/15,June,PD,40,1,38.6,RF,1,153
6/24/15,June,PD,40,1,38.6,RF,2,137
6/24/15,June,PD,40,2,38.6,RF,1,164
6/24/15,June,PD,40,2,38.6,RF,1,196
6/24/15,June,PD,40,2,38.6,RF,1,172
6/24/15,June,PD,40,2,38.6,RF,2,168
6/24/15,June,PD,40,2,38.6,RF,2,164
6/24/15,June,PD,40,2,38.6,RF,1,154
6/24/15,June,PD,40,2,38.6,RF,1,175
6/24/15,June,PD,40,2,38.6,RF,1,178
6/24/15,June,PD,40,2,38.6,RF,1,189
6/24/15,June,PD,40,2,38.6,RF,1,175
6/24/15,June,PD,40,2,38.6,RF,2,170
6/24/15,June,PD,40,2,38.6,RF,2,133
6/24/15,June,PD,40,2,38.6,RF,2,118
6/24/15,June,PD,40,2,38.6,RF,2,122
6/24/15,June,PD,40,2,38.6,RF,2,112
6/24/15,June,PD,40,2,38.6,RF,1,186
6/24/15,June,PD,40,2,38.6,RF,1,172
6/24/15,June,PD,40,2,38.6,RF,1,168
6/24/15,June,PD,40,2,38.6,RF,1,153
6/24/15,June,PD,40,3,38.6,RF,1,178
6/24/15,June,PD,40,3,38.6,RF,1,175
6/24/15,June,PD,40,3,38.6,RF,2,146
6/24/15,June,PD,40,3,38.6,RF,1,188
6/24/15,June,PD,40,3,38.6,RF,1,173
6/24/15,June,PD,40,3,38.6,RF,1,152
6/24/15,June,PD,40,3,38.6,RF,1,178
6/24/15,June,PD,40,3,38.6,RF,1,179
6/24/15,June,PD,40,3,38.6,RF,1,187
6/24/15,June,PD,40,3,38.6,RF,1,166
6/24/15,June,PD,40,3,38.6,RF,1,162
6/24/15,June,PD,40,3,38.6,RF,2,155
6/24/15,June,PD,40,3,38.6,RF,1,163
6/24/15,June,PD,40,3,38.6,RF,1,177
6/24/15,June,PD,40,3,38.6,RF,1,190
6/24/15,June,PD,40,3,38.6,RF,2,157
6/24/15,June,PD,40,3,38.6,RF,2,166
6/24/15,June,PD,60,1,59.2,RF,1,187
6/24/15,June,PD,60,1,59.2,RF,1,185
6/24/15,June,PD,60,1,59.2,RF,1,174
6/24/15,June,PD,60,1,59.2,RF,1,176
6/24/15,June,PD,60,1,59.2,RF,2,165
6/24/15,June,PD,60,1,59.2,RF,1,170
6/24/15,June,PD,60,1,59.2,RF,2,152
6/24/15,June,PD,60,1,59.2,RF,1,173
6/24/15,June,PD,60,1,59.2,RF,1,172
6/24/15,June,PD,60,2,59.1,RF,2,122
6/24/15,June,PD,60,2,59.1,RF,2,118
6/24/15,June,PD,60,2,59.1,RF,2,112
6/24/15,June,PD,60,2,59.1,RF,2,119
6/24/15,June,PD,60,2,59.1,RF,2,119
6/24/15,June,PD,60,2,59.1,RF,2,140
6/24/15,June,PD,60,2,59.1,RF,2,124
6/24/15,June,PD,60,2,59.1,RF,2,126
6/24/15,June,PD,60,2,59.1,RF,2,121
6/24/15,June,PD,60,2,59.1,RF,2,141
6/24/15,June,PD,60,2,59.1,RF,2,132
6/24/15,June,PD,60,2,59.1,RF,2,132
6/24/15,June,PD,60,2,59.1,RF,2,137
6/24/15,June,PD,60,2,59.1,RF,2,142
6/24/15,June,PD,60,3,59.4,RF,2,166
6/24/15,June,PD,60,3,59.4,RF,2,150
6/24/15,June,PD,60,3,59.4,RF,1,188
6/24/15,June,PD,60,3,59.4,RF,1,182
6/24/15,June,SB,40,1,39.2,RF,1,190
6/24/15,June,SB,40,1,39.2,RF,1,188
6/24/15,June,SB,40,1,39.2,RF,1,180
6/24/15,June,SB,40,1,39.2,RF,1,192
6/24/15,June,SB,40,1,39.2,RF,1,151
6/24/15,June,SB,40,1,39.2,RF,2,139
6/24/15,June,SB,40,1,39.2,RF,2,145
6/24/15,June,SB,40,1,39.2,RF,1,160
6/24/15,June,SB,40,1,39.2,RF,1,185
6/24/15,June,SB,40,1,39.2,RF,2,134
6/24/15,June,SB,40,1,39.2,RF,1,154
6/24/15,June,SB,40,1,39.2,RF,2,126
6/24/15,June,SB,40,1,39.2,RF,2,150
6/24/15,June,SB,40,1,39.2,RF,2,140
6/24/15,June,SB,40,1,39.2,RF,1,150
6/24/15,June,SB,40,1,39.2,RF,1,152
6/24/15,June,SB,40,1,39.2,RF,2,172
6/24/15,June,SB,40,2,38.8,RF,1,197
6/24/15,June,SB,40,2,38.8,RF,1,173
6/24/15,June,SB,40,2,38.8,RF,2,154
6/24/15,June,SB,40,2,38.8,RF,1,153
6/24/15,June,SB,40,2,38.8,RF,1,180
6/24/15,June,SB,40,2,38.8,RF,2,170
6/24/15,June,SB,40,2,38.8,RF,1,178
6/24/15,June,SB,40,2,38.8,RF,2,144
6/24/15,June,SB,40,2,38.8,RF,2,154
6/24/15,June,SB,40,2,38.8,RF,1,169
6/24/15,June,SB,40,2,38.8,RF,2,139
6/24/15,June,SB,40,2,38.8,RF,2,132
6/24/15,June,SB,40,2,38.8,RF,1,175
6/24/15,June,SB,40,2,38.8,RF,2,130
6/24/15,June,SB,40,2,38.8,RF,2,128
6/24/15,June,SB,40,2,38.8,RF,2,132
6/24/15,June,SB,40,2,38.8,RF,1,181
6/24/15,June,SB,40,3,39,RF,2,160
6/24/15,June,SB,40,3,39,RF,1,166
6/24/15,June,SB,40,3,39,RF,1,163
6/24/15,June,SB,40,3,39,RF,1,168
6/24/15,June,SB,40,3,39,RF,1,180
6/24/15,June,SB,40,3,39,RF,2,143
6/24/15,June,SB,40,3,39,RF,2,156
6/24/15,June,SB,40,3,39,RF,2,147
6/24/15,June,SB,40,3,39,RF,2,149
6/24/15,June,SB,40,3,39,RF,1,175
6/24/15,June,SB,40,3,39,RF,2,133
6/24/15,June,SB,40,3,39,RF,1,152
6/24/15,June,SB,40,3,39,RF,2,122
6/24/15,June,SB,40,3,39,RF,1,151
6/24/15,June,SB,40,3,39,RF,1,168
6/24/15,June,SB,40,3,39,RF,1,167
6/24/15,June,SB,60,1,61.5,RF,1,188
6/24/15,June,SB,60,1,61.5,RF,2,160
6/24/15,June,SB,60,1,61.5,RF,2,156
6/24/15,June,SB,60,1,61.5,RF,1,179
6/24/15,June,SB,60,1,61.5,RF,1,178
6/24/15,June,SB,60,1,61.5,RF,2,135
6/24/15,June,SB,60,1,61.5,RF,1,186
6/24/15,June,SB,60,1,61.5,RF,1,180
6/24/15,June,SB,60,1,61.5,RF,1,190
6/24/15,June,SB,60,1,61.5,RF,2,134
6/24/15,June,SB,60,1,61.5,RF,2,124
6/24/15,June,SB,60,1,61.5,RF,2,124
6/24/15,June,SB,60,1,61.5,RF,1,182
6/24/15,June,SB,60,1,61.5,RF,2,161
6/24/15,June,SB,60,1,61.5,RF,2,112
6/24/15,June,SB,60,1,61.5,RF,2,143
6/24/15,June,SB,60,2,61.7,RF,1,168
6/24/15,June,SB,60,2,61.7,RF,1,174
6/24/15,June,SB,60,2,61.7,RF,1,156
6/24/15,June,SB,60,2,61.7,RF,2,144
6/24/15,June,SB,60,3,62.1,RF,1,190
6/24/15,June,SB,60,3,62.1,RF,1,177
6/24/15,June,SB,60,3,62.1,RF,1,181
6/24/15,June,SB,60,3,62.1,RF,1,175
6/24/15,June,SB,60,3,62.1,RF,2,131
6/24/15,June,SB,60,3,62.1,RF,2,121
6/24/15,June,SB,60,3,62.1,RF,2,142
6/24/15,June,SB,60,3,62.1,RF,1,180
6/24/15,June,SB,60,3,62.1,RF,1,184
6/25/15,June,BB,30,Trawl,,,,95
6/25/15,June,BB,40,Trawl,,,,130
6/25/15,June,BB,40,Trawl,,,,109
6/25/15,June,MB,40,Trawl,,,,150
6/25/15,June,MB,40,Trawl,,,,105
6/25/15,June,NH,40,Trawl,,,,90
6/25/15,June,NH,40,Trawl,,,,113
6/25/15,June,MB,50,Trawl,,,,128
6/25/15,June,BB,50,Trawl,,,,108
6/25/15,June,BB,50,Trawl,,,,156
6/25/15,June,NH,30,Trawl,,,,138
6/25/15,June,NH,30,Trawl,,,,120
6/25/15,June,NH,30,Trawl,,,,116
6/25/15,June,NH,30,Trawl,,,,170
6/25/15,June,NH,30,Trawl,,,,131
6/25/15,June,NH,30,Trawl,,,,110
6/25/15,June,NH,30,Trawl,,,,107
6/25/15,June,NH,30,Trawl,,,,106
6/25/15,June,NH,30,Trawl,,,,90
6/25/15,June,NH,30,Trawl,,,,100
6/25/15,June,NH,30,Trawl,,,,109
6/25/15,June,NH,30,Trawl,,,,90
6/25/15,June,NH,30,Trawl,,,,73
6/25/15,June,NH,30,Trawl,,,,125
6/25/15,June,MB,30,Trawl,,,,82
6/25/15,June,MB,30,Trawl,,,,115
6/25/15,June,MB,30,Trawl,,,,126
6/25/15,June,MB,30,Trawl,,,,88
6/25/15,June,MB,30,Trawl,,,,15
6/25/15,June,MB,30,Trawl,,,,92
6/4/18,June,NH,40,1,,RF,2,158
6/4/18,June,NH,40,1,,RF,2,145
6/4/18,June,NH,40,1,,RF,2,165
6/4/18,June,NH,40,1,,RF,1,147
6/4/18,June,NH,40,1,,RF,2,178
6/4/18,June,NH,40,1,,RF,2,152
6/4/18,June,NH,60,2,,RF,2,165
6/4/18,June,NH,60,2,,RF,2,166
6/4/18,June,NH,60,2,,RF,1,164
6/4/18,June,NH,60,3,,RF,2,150
6/4/18,June,NH,60,3,,RF,2,168
6/4/18,June,NH,60,3,,RF,2,156
6/4/18,June,NH,60,4,,RF,2,143
6/4/18,June,NH,60,4,,RF,2,130
6/4/18,June,NH,60,4,,RF,1,156
6/4/18,June,NH,60,4,,RF,1,184
6/4/18,June,NH,60,4,,RF,1,158
6/4/18,June,NH,60,4,,RF,1,162
6/4/18,June,NH,60,4,,RF,1,168
6/4/18,June,NH,60,5,,RF,2,142
6/4/18,June,NH,40,5,,RF,1,165
6/4/18,June,NH,40,5,,RF,2,160
6/4/18,June,NH,40,5,,RF,2,155
6/4/18,June,NH,40,5,,RF,1,170
6/4/18,June,NH,40,5,,RF,2,156
6/4/18,June,NH,40,5,,RF,2,160
6/4/18,June,NH,40,6,,RF,1,140
6/4/18,June,NH,40,6,,RF,2,160
6/4/18,June,NH,40,6,,RF,2,155
6/4/18,June,NH,40,6,,RF,1,160
6/4/18,June,NH,40,6,,RF,2,149
6/4/18,June,NH,40,6,,RF,2,159
6/4/18,June,NH,40,6,,RF,2,145
6/4/18,June,NH,40,6,,RF,1,167
6/4/18,June,NH,40,6,,RF,2,159
6/4/18,June,NH,40,7,,RF,2,149
6/4/18,June,NH,40,7,,RF,2,158
6/4/18,June,NH,40,7,,RF,2,148
6/4/18,June,NH,40,7,,RF,2,151
6/4/18,June,NH,40,7,,RF,2,150
6/4/18,June,PD,60,8,,RF,2,152
6/4/18,June,PD,60,8,,RF,2,140
6/4/18,June,PD,60,8,,RF,2,153
6/4/18,June,PD,60,8,,RF,2,165
6/4/18,June,PD,60,8,,RF,2,147
6/4/18,June,PD,60,8,,RF,1,163
6/4/18,June,PD,60,8,,RF,2,133
6/4/18,June,PD,60,8,,RF,2,144
6/4/18,June,PD,60,8,,RF,1,160
6/4/18,June,PD,60,9,,RF,1,160
6/4/18,June,PD,60,9,,RF,1,171
6/4/18,June,PD,60,9,,RF,1,160
6/4/18,June,PD,60,9,,RF,2,140
6/4/18,June,PD,60,9,,RF,2,150
6/4/18,June,PD,40,10,,RF,1,171
6/4/18,June,PD,40,10,,RF,1,162
6/4/18,June,PD,40,10,,RF,2,146
6/4/18,June,PD,40,10,,RF,1,152
6/4/18,June,PD,40,10,,RF,1,162
6/4/18,June,PD,40,10,,RF,2,148
6/4/18,June,PD,40,10,,RF,2,140
6/4/18,June,PD,40,10,,RF,1,165
6/4/18,June,PD,40,10,,RF,2,154
6/4/18,June,PD,40,10,,RF,2,152
6/4/18,June,PD,40,11,,RF,1,165
6/4/18,June,PD,40,11,,RF,2,152
6/4/18,June,PD,40,11,,RF,2,159
6/4/18,June,PD,40,11,,RF,1,150
6/4/18,June,PD,40,11,,RF,2,132
6/4/18,June,PD,40,11,,RF,2,152
6/4/18,June,PD,40,11,,RF,2,156
6/4/18,June,PD,40,12,,RF,1,159
6/4/18,June,PD,40,12,,RF,2,159
6/4/18,June,PD,40,12,,RF,2,165
6/4/18,June,PD,40,12,,RF,1,203
6/4/18,June,PD,40,12,,RF,1,159
6/6/18,June,NH,60,1,,RF/Chick,1,165
6/6/18,June,NH,60,1,,RF/Chick,2,165
6/6/18,June,NH,60,1,,RF/Chick,1,163
6/6/18,June,NH,60,1,,RF/Chick,1,173
6/6/18,June,NH,60,1,,RF/Chick,2,152
6/6/18,June,NH,60,2,,RF/Chick,1,175
6/6/18,June,NH,60,3,,RF/Chick,2,159
6/6/18,June,NH,40,4,,RF/Chick,1,165
6/6/18,June,NH,40,4,,RF/Chick,2,152
6/6/18,June,NH,40,4,,RF/Chick,1,165
6/6/18,June,NH,40,4,,RF/Chick,2,152
6/6/18,June,NH,40,4,,RF/Chick,1,165
6/6/18,June,NH,40,4,,RF/Chick,2,152
6/6/18,June,NH,40,4,,RF/Chick,1,152
6/6/18,June,NH,40,4,,RF/Chick,2,152
6/6/18,June,NH,40,4,,RF/Chick,1,152
6/6/18,June,NH,40,4,,RF/Chick,1,159
6/6/18,June,NH,40,5,,RF/Chick,2,165
6/6/18,June,NH,40,5,,RF/Chick,1,165
6/6/18,June,NH,40,5,,RF/Chick,1,152
6/6/18,June,NH,40,5,,RF/Chick,1,165
6/6/18,June,NH,40,5,,RF/Chick,1,178
6/6/18,June,NH,40,5,,RF/Chick,2,152
6/6/18,June,NH,40,5,,RF/Chick,2,152
6/6/18,June,NH,40,5,,RF/Chick,2,159
6/6/18,June,NH,40,5,,RF/Chick,2,165
6/6/18,June,NH,40,5,,RF/Chick,2,146
6/6/18,June,NH,40,5,,RF/Chick,2,140
6/6/18,June,NH,40,6,,RF/Chick,2,165
6/6/18,June,NH,40,6,,RF/Chick,2,152
6/6/18,June,NH,40,6,,RF/Chick,1,152
6/6/18,June,NH,40,6,,RF/Chick,2,165
6/6/18,June,NH,40,6,,RF/Chick,2,165
6/6/18,June,NH,40,6,,RF/Chick,2,140
6/6/18,June,NH,40,6,,RF/Chick,1,165
6/6/18,June,NH,40,6,,RF/Chick,2,165
6/6/18,June,NH,40,6,,RF/Chick,2,152
6/6/18,June,NH,40,6,,RF/Chick,1,152
6/6/18,June,NH,40,6,,RF/Chick,2,152
6/6/18,June,NH,40,6,,RF/Chick,2,165
6/6/18,June,NH,40,6,,RF/Chick,2,152
6/7/18,June,BB,30,Trawl,,,2,140
6/7/18,June,BB,30,Trawl,,,2,140
6/7/18,June,BB,30,Trawl,,,2,130
6/8/18,June,NH,50,2,,RF,1,165
6/8/18,June,NH,50,2,,RF,2,137
6/8/18,June,NH,50,2,,RF,2,143
6/8/18,June,NH,50,2,,RF,2,142
6/8/18,June,NH,50,2,,RF,2,161
6/8/18,June,NH,50,2,,RF,2,147
6/8/18,June,NH,50,3,,RF,2,145
6/8/18,June,NH,50,3,,RF,2,145
6/8/18,June,NH,50,3,,RF,2,140
6/8/18,June,NH,50,3,,RF,2,142
6/8/18,June,NH,50,3,,RF,2,147
6/8/18,June,NH,50,4,,RF,1,169
6/8/18,June,NH,50,4,,RF,2,138
6/8/18,June,NH,50,4,,RF,2,139
6/8/18,June,NH,50,4,,RF,2,165
6/8/18,June,NH,50,4,,RF,1,165
6/8/18,June,NH,50,4,,RF,2,157
6/8/18,June,NH,50,4,,RF,1,168
6/8/18,June,NH,50,4,,RF,2,137
6/8/18,June,NH,50,4,,RF,2,150
6/8/18,June,NH,50,4,,RF,2,145
6/8/18,June,NH,50,4,,RF,1,194
6/8/18,June,NH,50,5,,RF,2,149
6/8/18,June,NH,50,5,,RF,1,160
6/8/18,June,NH,50,5,,RF,2,143
6/8/18,June,NH,50,5,,RF,2,158
6/8/18,June,NH,50,5,,RF,2,140
6/8/18,June,NH,50,5,,RF,2,147
6/8/18,June,NH,50,6,,RF,2,154
6/8/18,June,NH,50,6,,RF,2,155
6/8/18,June,NH,30,7,,RF,2,142
6/8/18,June,NH,30,7,,RF,2,149
6/8/18,June,NH,30,7,,RF,2,139
6/8/18,June,NH,30,7,,RF,2,142
6/8/18,June,NH,30,7,,RF,2,159
6/8/18,June,NH,30,7,,RF,2,150
6/8/18,June,NH,30,7,,RF,2,130
6/8/18,June,NH,30,7,,RF,2,138
6/8/18,June,NH,30,7,,RF,2,133
6/8/18,June,NH,30,7,,RF,2,170
6/8/18,June,NH,30,9,,RF,2,155
6/8/18,June,NH,30,9,,RF,2,142
6/8/18,June,NH,30,9,,RF,2,150
6/8/18,June,NH,30,9,,RF,2,155
6/8/18,June,NH,30,9,,RF,2,160
6/8/18,June,NH,30,9,,RF,2,150
6/8/18,June,NH,30,9,,RF,2,134
6/8/18,June,NH,30,9,,RF,2,145
6/8/18,June,NH,30,10,,RF,2,143
6/8/18,June,NH,30,10,,RF,2,140
6/8/18,June,NH,30,10,,RF,2,135
6/8/18,June,NH,30,10,,RF,1,140
6/8/18,June,NH,30,11,,RF,2,135
6/8/18,June,NH,30,11,,RF,2,143
6/8/18,June,NH,30,11,,RF,2,135
6/8/18,June,NH,30,11,,RF,2,153
6/8/18,June,NH,30,11,,RF,2,155
6/8/18,June,NH,30,11,,RF,2,122
6/8/18,June,NH,30,11,,RF,2,145
6/8/18,June,NH,30,11,,RF,2,141
6/8/18,June,NH,30,11,,RF,2,123
6/8/18,June,NH,30,11,,RF,2,115
6/8/18,June,NH,30,12,,RF,2,162
6/8/18,June,NH,30,12,,RF,2,144
6/8/18,June,NH,30,12,,RF,2,120
6/8/18,June,NH,30,12,,RF,2,142
6/8/18,June,NH,30,12,,RF,2,156
6/8/18,June,NH,30,12,,RF,2,149
6/8/18,June,NH,30,12,,RF,2,135
6/8/18,June,NH,30,12,,RF,2,138
5/1/11,May,MB,30,Trawl,,,2,110
5/1/11,May,MB,30,Trawl,,,2,110
5/1/11,May,MB,30,Trawl,,,2,130
5/1/14,May,NH,30, Trawl,,,1,95
5/1/14,May,NH,30, Trawl,,,1,59
5/1/14,May,NH,30, Trawl,,,1,57
5/1/14,May,BB,50, Trawl,,,2,120
5/1/15,May,NH,40,1,39.4,RF,1,162
5/1/15,May,NH,40,1,39.4,RF,1,189
5/1/15,May,NH,40,1,39.4,RF,2,173
5/1/15,May,NH,40,1,39.4,RF,1,158
5/1/15,May,NH,40,1,39.4,RF,1,150
5/1/15,May,NH,40,1,39.4,RF,1,167
5/1/15,May,NH,40,1,39.4,RF,1,182
5/1/15,May,NH,40,1,39.4,RF,1,146
5/1/15,May,NH,40,1,39.4,RF,1,152
5/1/15,May,NH,40,1,39.4,RF,1,159
5/1/15,May,NH,40,1,39.4,RF,1,147
5/1/15,May,NH,40,1,39.4,RF,1,126
5/1/15,May,NH,40,1,39.4,RF,2,161
5/1/15,May,NH,40,1,39.4,RF,2,146
5/1/15,May,NH,40,1,39.4,RF,1,128
5/1/15,May,NH,40,1,39.4,RF,1,149
5/1/15,May,NH,40,1,39.4,RF,1,144
5/1/15,May,NH,40,1,39.4,RF,2,122
5/1/15,May,NH,40,1,39.4,RF,2,118
5/1/15,May,NH,40,2,39.4,RF,1,151
5/1/15,May,NH,40,2,39.4,RF,1,188
5/1/15,May,NH,40,2,39.4,RF,1,151
5/1/15,May,NH,40,2,39.4,RF,2,173
5/1/15,May,NH,40,2,39.4,RF,1,177
5/1/15,May,NH,40,2,39.4,RF,2,159
5/1/15,May,NH,40,2,39.4,RF,1,180
5/1/15,May,NH,40,2,39.4,RF,2,152
5/1/15,May,NH,40,2,39.4,RF,2,142
5/1/15,May,NH,40,2,39.4,RF,2,153
5/1/15,May,NH,40,2,39.4,RF,2,118
5/1/15,May,NH,40,2,39.4,RF,1,142
5/1/15,May,NH,40,2,39.4,RF,2,123
5/1/15,May,NH,40,2,39.4,RF,2,124
5/1/15,May,NH,40,3,40.1,RF,1,146
5/1/15,May,NH,40,3,40.1,RF,1,168
5/1/15,May,NH,40,3,40.1,RF,1,156
5/1/15,May,NH,40,3,40.1,RF,1,153
5/1/15,May,NH,40,3,40.1,RF,1,172
5/1/15,May,NH,40,3,40.1,RF,1,160
5/1/15,May,NH,40,3,40.1,RF,1,180
5/1/15,May,NH,40,3,40.1,RF,1,179
5/1/15,May,NH,40,3,40.1,RF,1,156
5/1/15,May,NH,40,3,40.1,RF,1,163
5/1/15,May,NH,40,3,40.1,RF,1,147
5/1/15,May,NH,40,3,40.1,RF,2,175
5/1/15,May,NH,40,3,40.1,RF,1,157
5/1/15,May,NH,40,3,40.1,RF,2,152
5/1/15,May,PD,40,1,39.6,RF,1,164
5/1/15,May,PD,40,1,39.6,RF,2,142
5/1/15,May,PD,40,1,39.6,RF,2,125
5/1/15,May,PD,40,1,39.6,RF,1,156
5/1/15,May,PD,40,1,39.6,RF,2,140
5/1/15,May,PD,40,1,39.6,RF,1,187
5/1/15,May,PD,40,1,39.6,RF,1,161
5/1/15,May,PD,40,1,39.6,RF,2,154
5/1/15,May,PD,40,1,39.6,RF,1,165
5/1/15,May,PD,40,1,39.6,RF,1,148
5/1/15,May,PD,40,1,39.6,RF,2,149
5/1/15,May,PD,40,1,39.6,RF,1,181
5/1/15,May,PD,40,1,39.6,RF,1,141
5/1/15,May,PD,40,1,39.6,RF,1,168
5/1/15,May,PD,40,1,39.6,RF,1,176
5/1/15,May,PD,40,1,39.6,RF,1,160
5/1/15,May,PD,40,1,39.6,RF,2,143
5/1/15,May,PD,40,1,39.6,RF,1,141
5/1/15,May,PD,40,1,39.6,RF,2,121
5/1/15,May,PD,40,1,39.6,RF,1,137
5/1/15,May,PD,40,2,40.3,RF,1,182
5/1/15,May,PD,40,2,40.3,RF,1,187
5/1/15,May,PD,40,2,40.3,RF,1,168
5/1/15,May,PD,40,2,40.3,RF,1,179
5/1/15,May,PD,40,2,40.3,RF,2,158
5/1/15,May,PD,40,2,40.3,RF,1,162
5/1/15,May,PD,40,2,40.3,RF,1,166
5/1/15,May,PD,40,2,40.3,RF,2,134
5/1/15,May,PD,40,2,40.3,RF,1,154
5/1/15,May,PD,40,2,40.3,RF,1,171
5/1/15,May,PD,40,2,40.3,RF,2,140
5/1/15,May,PD,40,2,40.3,RF,2,112
5/1/15,May,PD,40,2,40.3,RF,1,160
5/1/15,May,PD,40,2,40.3,RF,2,124
5/1/15,May,PD,40,2,40.3,RF,2,122
5/1/15,May,PD,40,2,40.3,RF,1,150
5/1/15,May,PD,40,3,40.7,RF,1,154
5/1/15,May,PD,40,3,40.7,RF,1,173
5/1/15,May,PD,40,3,40.7,RF,1,157
5/1/15,May,PD,40,3,40.7,RF,2,135
5/1/15,May,PD,40,3,40.7,RF,1,172
5/1/15,May,PD,40,3,40.7,RF,1,186
5/1/15,May,PD,40,3,40.7,RF,1,156
5/1/15,May,PD,40,3,40.7,RF,1,182
5/1/15,May,PD,40,3,40.7,RF,1,179
5/1/15,May,PD,40,3,40.7,RF,1,171
5/1/15,May,PD,40,3,40.7,RF,1,170
5/1/15,May,PD,40,3,40.7,RF,1,167
5/1/15,May,PD,40,3,40.7,RF,1,178
5/1/15,May,PD,40,3,40.7,RF,1,121
5/1/15,May,SB,40,2,39.8,RF,1,156
5/1/15,May,SB,40,2,39.8,RF,1,187
5/1/15,May,SB,40,2,39.8,RF,1,171
5/1/15,May,SB,40,2,39.8,RF,1,180
5/1/15,May,SB,40,2,39.8,RF,1,137
5/1/15,May,SB,40,2,39.8,RF,1,169
5/1/15,May,SB,40,2,39.8,RF,1,122
5/1/15,May,SB,40,2,39.8,RF,1,140
5/1/15,May,SB,40,2,39.8,RF,1,146
5/1/15,May,SB,40,2,39.8,RF,1,180
5/1/15,May,SB,40,2,39.8,RF,1,184
5/1/15,May,SB,40,2,39.8,RF,1,168
5/1/15,May,SB,40,2,39.8,RF,1,174
5/1/15,May,SB,40,2,39.8,RF,2,162
5/1/15,May,SB,40,2,39.8,RF,1,152
5/1/15,May,SB,40,3,40.8,RF,1,172
5/1/15,May,SB,40,3,40.8,RF,1,193
5/1/15,May,SB,40,3,40.8,RF,1,143
5/1/15,May,SB,40,3,40.8,RF,2,140
5/1/15,May,SB,40,3,40.8,RF,1,160
5/1/15,May,SB,40,3,40.8,RF,1,186
5/1/15,May,SB,40,3,40.8,RF,1,154
5/1/15,May,SB,40,3,40.8,RF,1,157
5/1/15,May,SB,40,3,40.8,RF,2,133
5/1/15,May,SB,40,3,40.8,RF,2,154
10/30/10,October,BB,30,Trawl,,,2,120
10/30/10,October,BB,30,Trawl,,,2,110
10/30/10,October,BB,40,Trawl,,,1,120
10/30/10,October,BB,40,Trawl,,,1,120
10/30/10,October,BB,40,Trawl,,,1,11
10/30/10,October,BB,40,Trawl,,,2,130
10/30/10,October,NH,30,Trawl,,,2,120
10/30/10,October,NH,30,Trawl,,,2,110
10/30/10,October,NH,40,Trawl,,,2,100
10/30/10,October,NH,40,Trawl,,,1,260
10/30/10,October,NB,30,Trawl,,,1,160
10/30/10,October,MB,40,Trawl,,,2,100
10/21/11,October,BB,40,Trawl,,,1,190
10/21/11,October,MB,40,Trawl,,,1,140
10/21/11,October,MB,50,Trawl,,,1,120
10/30/13,October,NH,30,Trawl,,,3,85
10/30/13,October,NH,30,Trawl,,,3,75
10/30/13,October,NH,30,Trawl,,,3,78
10/30/13,October,NH,30,Trawl,,,3,75
10/30/13,October,BB,30,Trawl,,,3,85
10/30/13,October,BB,40,Trawl,,,3,80
10/30/13,October,BB,40,Trawl,,,3,85
10/30/13,October,BB,40,Trawl,,,1,105
10/30/13,October,BB,40,Trawl,,,1,110
10/30/13,October,BB,40,Trawl,,,2,95
10/30/13,October,MB,40,Trawl,,,1,95
10/30/13,October,MB,40,Trawl,,,1,85
10/9/14,October,NH,30, Trawl,,,2,100
10/9/14,October,NH,30, Trawl,,,1,90
10/9/14,October,NH,30, Trawl,,,2,101
10/9/14,October,NH,30, Trawl,,,1,91
10/9/14,October,NH,30, Trawl,,,2,98
10/9/14,October,NH,30, Trawl,,,1,86
10/9/14,October,NH,30, Trawl,,,1,87
10/9/14,October,NH,30, Trawl,,,2,92
10/9/14,October,NH,30, Trawl,,,2,84
10/9/14,October,NH,30, Trawl,,,2,92
10/9/14,October,NH,30, Trawl,,,2,90
10/9/14,October,NH,30, Trawl,,,2,100
10/9/14,October,NH,30, Trawl,,,2,92
10/9/14,October,NH,30, Trawl,,,2,88
10/9/14,October,NH,30, Trawl,,,2,88
10/9/14,October,NH,30, Trawl,,,2,115
10/9/14,October,NH,30, Trawl,,,2,92
10/9/14,October,NH,30, Trawl,,,2,80
10/9/14,October,NH,30, Trawl,,,2,82
10/9/14,October,NH,30, Trawl,,,1,86
10/9/14,October,NH,30, Trawl,,,1,93
10/9/14,October,NH,30, Trawl,,,1,95
10/9/14,October,NH,30, Trawl,,,2,114
10/9/14,October,NH,30, Trawl,,,2,100
10/9/14,October,NH,30, Trawl,,,2,109
10/9/14,October,NH,30, Trawl,,,1,124
10/9/14,October,NH,30, Trawl,,,2,88
10/9/14,October,NH,30, Trawl,,,2,109
10/9/14,October,NH,30, Trawl,,,2,101
10/9/14,October,NH,30, Trawl,,,1,118
10/9/14,October,NH,30, Trawl,,,2,105
10/9/14,October,NH,30, Trawl,,,2,89
10/9/14,October,NH,30, Trawl,,,1,103
10/9/14,October,NH,30, Trawl,,,1,93
10/9/14,October,NH,30, Trawl,,,2,104
10/9/14,October,NH,30, Trawl,,,2,88
10/9/14,October,NH,30, Trawl,,,2,97
10/9/14,October,NH,30, Trawl,,,1,90
10/9/14,October,NH,30, Trawl,,,1,101
10/9/14,October,NH,30, Trawl,,,2,90
10/9/14,October,NH,30, Trawl,,,1,104
10/9/14,October,NH,30, Trawl,,,1,100
10/9/14,October,NH,30, Trawl,,,2,90
10/9/14,October,NH,30, Trawl,,,1,85
10/9/14,October,NH,30, Trawl,,,1,87
10/9/14,October,NH,30, Trawl,,,2,85
10/9/14,October,NH,30, Trawl,,,1,151
10/9/14,October,NH,30, Trawl,,,1,96
10/9/14,October,MB,30, Trawl,,,2,101
10/9/14,October,MB,30, Trawl,,,1,96
10/9/14,October,MB,30, Trawl,,,1,117
10/9/14,October,MB,30, Trawl,,,1,96
10/9/14,October,MB,30, Trawl,,,1,88
10/9/14,October,MB,30, Trawl,,,1,101
10/9/14,October,MB,30, Trawl,,,1,81
10/9/14,October,BB,30, Trawl,,,1,93
10/9/14,October,MB,40, Trawl,,,1,186
10/9/14,October,MB,40, Trawl,,,1,120
10/9/14,October,MB,40, Trawl,,,1,96
10/9/14,October,MB,40, Trawl,,,1,100
10/9/14,October,MB,40, Trawl,,,1,105
10/9/14,October,MB,40, Trawl,,,1,100
10/9/14,October,MB,40, Trawl,,,1,84
10/9/14,October,MB,40, Trawl,,,2,99
10/9/14,October,MB,40, Trawl,,,1,96
10/9/14,October,MB,40, Trawl,,,1,95
10/9/14,October,MB,40, Trawl,,,2,100
10/9/14,October,MB,40, Trawl,,,1,119
10/9/14,October,MB,40, Trawl,,,1,98
10/9/14,October,MB,40, Trawl,,,1,98
10/9/14,October,NH,40, Trawl,,,1,136
10/9/14,October,NH,50, Trawl,,,2,145
10/8/19,October,PD,60,3,,Meat,1,183
10/8/19,October,PD,60,3,,Meat,1,170
10/8/19,October,PD,60,3,,Meat,1,176
10/8/19,October,PD,60,3,,Meat,1,188
10/8/19,October,PD,60,3,,Meat,1,182
10/8/19,October,PD,60,3,,Meat,1,176
10/8/19,October,PD,60,3,,Meat,1,179
10/8/19,October,PD,60,2,,Meat,1,180
10/8/19,October,PD,60,2,,Meat,1,175
10/8/19,October,PD,60,2,,Meat,1,189
10/8/19,October,PD,60,2,,Meat,1,160
10/8/19,October,PD,60,2,,Meat,1,170
10/8/19,October,PD,60,2,,Meat,1,185
10/8/19,October,PD,60,2,,Meat,1,175
10/8/19,October,PD,60,2,,Meat,1,185
10/8/19,October,PD,60,2,,Meat,1,185
10/8/19,October,PD,60,2,,Meat,1,148
10/8/19,October,PD,60,2,,Meat,1,145
10/8/19,October,PD,60,2,,Meat,1,155
10/8/19,October,PD,60,2,,Meat,1,153
10/8/19,October,PD,60,2,,Meat,1,187
10/8/19,October,PD,60,2,,Meat,1,170
10/8/19,October,PD,60,2,,Meat,1,200
10/8/19,October,PD,60,1,,Meat,1,191
10/8/19,October,PD,60,1,,Meat,1,185
10/8/19,October,PD,60,1,,Meat,1,192
10/8/19,October,PD,60,1,,Meat,1,180
10/8/19,October,PD,60,1,,Meat,1,177
10/8/19,October,PD,60,1,,Meat,1,180
10/8/19,October,RS,60,1,,Meat,1,180
10/8/19,October,RS,60,1,,Meat,1,185
10/8/19,October,RS,60,1,,Meat,1,170
10/8/19,October,RS,60,1,,Meat,1,175
10/8/19,October,RS,60,1,,Meat,1,183
10/8/19,October,RS,60,1,,Meat,1,165
10/8/19,October,RS,60,1,,Meat,1,200
10/8/19,October,RS,60,1,,Meat,1,170
10/8/19,October,RS,60,1,,Meat,1,150
10/8/19,October,RS,60,1,,Meat,1,175
10/8/19,October,RS,60,1,,Meat,1,173
10/8/19,October,RS,60,1,,Meat,1,160
10/8/19,October,RS,60,1,,Meat,1,190
10/8/19,October,RS,60,1,,Meat,1,160
10/8/19,October,RS,60,1,,Meat,1,171
10/8/19,October,RS,60,1,,Meat,1,155
10/8/19,October,RS,60,2,,Meat,2,120
10/8/19,October,RS,60,2,,Meat,1,160
10/8/19,October,RS,60,2,,Meat,1,185
10/8/19,October,RS,60,2,,Meat,1,178
10/8/19,October,RS,60,2,,Meat,2,156
10/8/19,October,RS,60,2,,Meat,1,192
10/8/19,October,RS,60,2,,Meat,1,190
10/8/19,October,RS,60,2,,Meat,1,150
10/8/19,October,RS,60,3,,Meat,1,183
10/8/19,October,RS,60,3,,Meat,1,175
10/8/19,October,RS,60,3,,Meat,1,185
10/8/19,October,RS,60,3,,Meat,1,165
10/8/19,October,RS,60,3,,Meat,1,180
10/8/19,October,RS,60,3,,Meat,1,180
10/8/19,October,RS,60,3,,Meat,1,180
9/27/12,September,MB,30, Trawl,,,1,140
9/27/12,September,BB,30, Trawl,,,1,180
9/27/12,September,BB,30, Trawl,,,2,115
9/27/12,September,NH,40, Trawl,,,1,155
9/27/12,September,NH,40, Trawl,,,2,130
9/13/13,September,NH,60,1,,ALB/BC/S,2,144
9/13/13,September,NH,60,1,,ALB/BC/S,1,187
9/13/13,September,NH,60,1,,ALB/BC/S,2,157
9/13/13,September,NH,60,1,,ALB/BC/S,1,188
9/13/13,September,NH,60,1,,ALB/BC/S,1,189
9/13/13,September,NH,60,1,,ALB/BC/S,2,161
9/13/13,September,NH,60,1,,ALB/BC/S,2,139
9/13/13,September,NH,60,1,,ALB/BC/S,1,189
9/13/13,September,NH,60,1,,ALB/BC/S,1,185
9/13/13,September,NH,60,2,,ALB/BC/S,2,153
9/13/13,September,NH,60,2,,ALB/BC/S,1,186
9/13/13,September,NH,60,2,,ALB/BC/S,2,137
9/13/13,September,NH,60,2,,ALB/BC/S,1,176
9/13/13,September,NH,60,2,,ALB/BC/S,1,186
9/13/13,September,NH,60,2,,ALB/BC/S,2,148
9/13/13,September,NH,60,2,,ALB/BC/S,2,144
9/13/13,September,NH,60,2,,ALB/BC/S,2,162
9/13/13,September,NH,60,2,,ALB/BC/S,1,169
9/13/13,September,NH,60,2,,ALB/BC/S,2,152
9/13/13,September,NH,60,2,,ALB/BC/S,2,145
9/13/13,September,NH,60,2,,ALB/BC/S,2,146
9/13/13,September,NH,60,2,,ALB/BC/S,1,180
9/13/13,September,NH,60,2,,ALB/BC/S,2,144
9/13/13,September,NH,60,2,,ALB/BC/S,1,176
9/13/13,September,NH,60,2,,ALB/BC/S,2,156
9/13/13,September,NH,60,2,,ALB/BC/S,1,178
9/13/13,September,NH,60,2,,ALB/BC/S,2,149
9/13/13,September,NH,60,2,,ALB/BC/S,1,170
9/13/13,September,NH,60,3,,ALB/BC/S,1,188
9/13/13,September,NH,60,3,,ALB/BC/S,2,159
9/13/13,September,NH,60,3,,ALB/BC/S,2,143
9/13/13,September,NH,60,3,,ALB/BC/S,1,175
9/13/13,September,NH,60,3,,ALB/BC/S,1,183
9/13/13,September,NH,60,3,,ALB/BC/S,2,150
9/13/13,September,NH,60,3,,ALB/BC/S,2,149
9/13/13,September,NH,60,3,,ALB/BC/S,1,189
9/13/13,September,NH,60,3,,ALB/BC/S,1,193
9/13/13,September,NH,60,3,,ALB/BC/S,1,189
9/13/13,September,NH,60,3,,ALB/BC/S,1,190
9/13/13,September,NH,60,3,,ALB/BC/S,1,174
9/13/13,September,NH,60,3,,ALB/BC/S,1,186
9/13/13,September,NH,60,3,,ALB/BC/S,1,163
9/13/13,September,NH,60,3,,ALB/BC/S,2,156
9/13/13,September,NH,60,3,,ALB/BC/S,2,128
9/13/13,September,NH,40,1,,ALB/BC/S,1,185
9/13/13,September,NH,40,1,,ALB/BC/S,1,199
9/13/13,September,NH,40,1,,ALB/BC/S,1,185
9/13/13,September,NH,40,1,,ALB/BC/S,1,183
9/13/13,September,NH,40,1,,ALB/BC/S,1,162
9/13/13,September,NH,40,1,,ALB/BC/S,1,179
9/13/13,September,NH,40,1,,ALB/BC/S,1,180
9/13/13,September,NH,40,1,,ALB/BC/S,1,189
9/13/13,September,NH,40,1,,ALB/BC/S,1,178
9/13/13,September,NH,40,1,,ALB/BC/S,1,193
9/13/13,September,NH,40,1,,ALB/BC/S,1,187
9/13/13,September,NH,40,1,,ALB/BC/S,1,178
9/13/13,September,NH,40,1,,ALB/BC/S,2,136
9/13/13,September,NH,40,1,,ALB/BC/S,2,117
9/13/13,September,NH,40,1,,ALB/BC/S,1,177
9/13/13,September,NH,40,1,,ALB/BC/S,1,188
9/13/13,September,NH,40,1,,ALB/BC/S,1,176
9/13/13,September,NH,40,1,,ALB/BC/S,2,147
9/13/13,September,NH,40,1,,ALB/BC/S,1,169
9/13/13,September,NH,40,2,,ALB/BC/S,1,204
9/13/13,September,NH,40,2,,ALB/BC/S,1,175
9/13/13,September,NH,40,2,,ALB/BC/S,1,162
9/13/13,September,NH,40,2,,ALB/BC/S,1,190
9/13/13,September,NH,40,2,,ALB/BC/S,1,167
9/13/13,September,NH,40,2,,ALB/BC/S,1,194
9/13/13,September,NH,40,2,,ALB/BC/S,1,192
9/13/13,September,NH,40,2,,ALB/BC/S,1,166
9/13/13,September,NH,40,2,,ALB/BC/S,1,189
9/13/13,September,NH,40,2,,ALB/BC/S,1,171
9/13/13,September,NH,40,2,,ALB/BC/S,1,172
9/13/13,September,NH,40,2,,ALB/BC/S,1,162
9/13/13,September,NH,40,2,,ALB/BC/S,1,168
9/13/13,September,NH,40,2,,ALB/BC/S,1,162
9/13/13,September,NH,40,2,,ALB/BC/S,1,167
9/13/13,September,NH,40,2,,ALB/BC/S,1,191
9/13/13,September,NH,40,3,,ALB/BC/S,1,182
9/13/13,September,NH,40,3,,ALB/BC/S,1,177
9/13/13,September,NH,40,3,,ALB/BC/S,1,184
9/13/13,September,NH,40,3,,ALB/BC/S,1,151
9/13/13,September,NH,40,3,,ALB/BC/S,1,189
9/13/13,September,NH,40,3,,ALB/BC/S,1,191
9/13/13,September,NH,40,3,,ALB/BC/S,1,186
9/13/13,September,NH,40,3,,ALB/BC/S,1,165
9/13/13,September,NH,40,3,,ALB/BC/S,1,174
9/13/13,September,NH,40,3,,ALB/BC/S,1,169
9/13/13,September,NH,40,3,,ALB/BC/S,1,184
9/13/13,September,NH,40,3,,ALB/BC/S,1,190
9/13/13,September,NH,40,3,,ALB/BC/S,1,184
9/13/13,September,NH,40,3,,ALB/BC/S,1,177
9/13/13,September,PD,40,1,,ALB/BC/S,1,178
9/13/13,September,PD,40,1,,ALB/BC/S,1,189
9/13/13,September,PD,40,1,,ALB/BC/S,1,179
9/13/13,September,PD,40,1,,ALB/BC/S,1,187
9/13/13,September,PD,40,1,,ALB/BC/S,1,169
9/13/13,September,PD,40,1,,ALB/BC/S,1,190
9/13/13,September,PD,40,1,,ALB/BC/S,1,166
9/13/13,September,PD,40,1,,ALB/BC/S,1,195
9/13/13,September,PD,40,1,,ALB/BC/S,1,181
9/13/13,September,PD,40,1,,ALB/BC/S,2,154
9/13/13,September,PD,40,1,,ALB/BC/S,1,183
9/13/13,September,PD,40,1,,ALB/BC/S,1,185
9/13/13,September,PD,40,2,,ALB/BC/S,1,160
9/13/13,September,PD,40,2,,ALB/BC/S,1,174
9/13/13,September,PD,40,2,,ALB/BC/S,1,191
9/13/13,September,PD,40,2,,ALB/BC/S,1,184
9/13/13,September,PD,40,2,,ALB/BC/S,2,149
9/13/13,September,PD,40,2,,ALB/BC/S,1,176
9/13/13,September,PD,40,2,,ALB/BC/S,2,163
9/13/13,September,PD,40,3,,ALB/BC/S,2,145
9/13/13,September,PD,40,3,,ALB/BC/S,1,185
9/13/13,September,PD,40,3,,ALB/BC/S,1,179
9/13/13,September,PD,40,3,,ALB/BC/S,2,158
9/13/13,September,PD,40,3,,ALB/BC/S,1,182
9/13/13,September,PD,40,3,,ALB/BC/S,1,169
9/13/13,September,PD,40,3,,ALB/BC/S,1,194
9/13/13,September,PD,40,3,,ALB/BC/S,1,176
9/13/13,September,PD,40,3,,ALB/BC/S,1,174
9/13/13,September,PD,40,3,,ALB/BC/S,1,179
9/13/13,September,PD,40,3,,ALB/BC/S,1,181
9/13/13,September,PD,40,3,,ALB/BC/S,1,186
9/13/13,September,PD,60,1,,ALB/BC/S,1,193
9/13/13,September,PD,60,1,,ALB/BC/S,1,191
9/13/13,September,PD,60,1,,ALB/BC/S,1,185
9/13/13,September,PD,60,1,,ALB/BC/S,1,184
9/13/13,September,PD,60,1,,ALB/BC/S,1,165
9/13/13,September,PD,60,1,,ALB/BC/S,1,189
9/13/13,September,PD,60,1,,ALB/BC/S,1,163
9/13/13,September,PD,60,1,,ALB/BC/S,1,176
9/13/13,September,PD,60,1,,ALB/BC/S,1,186
9/13/13,September,PD,60,1,,ALB/BC/S,2,163
9/13/13,September,PD,60,2,,ALB/BC/S,1,191
9/13/13,September,PD,60,2,,ALB/BC/S,1,190
9/13/13,September,PD,60,2,,ALB/BC/S,1,186
9/13/13,September,PD,60,2,,ALB/BC/S,1,178
9/13/13,September,PD,60,2,,ALB/BC/S,1,185
9/13/13,September,PD,60,2,,ALB/BC/S,1,196
9/13/13,September,PD,60,2,,ALB/BC/S,1,195
9/13/13,September,PD,60,2,,ALB/BC/S,1,184
9/13/13,September,PD,60,2,,ALB/BC/S,1,187
9/13/13,September,PD,60,3,,ALB/BC/S,1,183
9/13/13,September,PD,60,3,,ALB/BC/S,1,157
9/13/13,September,PD,60,3,,ALB/BC/S,1,172
9/13/13,September,PD,60,3,,ALB/BC/S,1,181
9/13/13,September,SB,60,1,,ALB/BC/S,1,200
9/13/13,September,SB,60,1,,ALB/BC/S,1,162
9/13/13,September,SB,60,1,,ALB/BC/S,1,148
9/13/13,September,SB,60,1,,ALB/BC/S,1,187
9/13/13,September,SB,60,1,,ALB/BC/S,1,190
9/13/13,September,SB,60,1,,ALB/BC/S,2,148
9/13/13,September,SB,60,1,,ALB/BC/S,1,187
9/13/13,September,SB,60,1,,ALB/BC/S,2,172
9/13/13,September,SB,60,1,,ALB/BC/S,1,183
9/13/13,September,SB,60,1,,ALB/BC/S,2,140
9/13/13,September,SB,60,1,,ALB/BC/S,2,138
9/13/13,September,SB,60,1,,ALB/BC/S,1,173
9/13/13,September,SB,60,1,,ALB/BC/S,2,152
9/13/13,September,SB,60,2,,ALB/BC/S,1,175
9/13/13,September,SB,60,2,,ALB/BC/S,1,192
9/13/13,September,SB,60,2,,ALB/BC/S,1,178
9/13/13,September,SB,60,2,,ALB/BC/S,1,158
9/13/13,September,SB,60,2,,ALB/BC/S,2,164
9/13/13,September,SB,60,2,,ALB/BC/S,1,170
9/13/13,September,SB,60,2,,ALB/BC/S,2,148
9/13/13,September,SB,60,2,,ALB/BC/S,2,162
9/13/13,September,SB,60,2,,ALB/BC/S,1,188
9/13/13,September,SB,60,2,,ALB/BC/S,1,170
9/13/13,September,SB,60,2,,ALB/BC/S,1,190
9/13/13,September,SB,60,2,,ALB/BC/S,1,185
9/13/13,September,SB,60,3,,ALB/BC/S,1,164
9/13/13,September,SB,60,3,,ALB/BC/S,1,175
9/13/13,September,SB,60,3,,ALB/BC/S,1,187
9/13/13,September,SB,60,3,,ALB/BC/S,1,178
9/13/13,September,SB,60,3,,ALB/BC/S,1,164
9/13/13,September,SB,60,3,,ALB/BC/S,1,197
9/13/13,September,SB,60,3,,ALB/BC/S,1,194
9/13/13,September,SB,60,3,,ALB/BC/S,1,182
9/13/13,September,SB,60,3,,ALB/BC/S,2,154
9/13/13,September,SB,60,3,,ALB/BC/S,2,172
9/13/13,September,SB,60,3,,ALB/BC/S,2,195
9/13/13,September,SB,60,3,,ALB/BC/S,1,173
9/13/13,September,SB,60,3,,ALB/BC/S,1,187
9/13/13,September,SB,60,3,,ALB/BC/S,2,147
9/13/13,September,SB,40,1,,ALB/BC/S,1,176
9/13/13,September,SB,40,1,,ALB/BC/S,1,196
9/13/13,September,SB,40,1,,ALB/BC/S,1,190
9/13/13,September,SB,40,1,,ALB/BC/S,1,195
9/13/13,September,SB,40,1,,ALB/BC/S,1,193
9/13/13,September,SB,40,1,,ALB/BC/S,1,190
9/13/13,September,SB,40,1,,ALB/BC/S,1,195
9/13/13,September,SB,40,1,,ALB/BC/S,2,134
9/13/13,September,SB,40,1,,ALB/BC/S,2,126
9/13/13,September,SB,40,1,,ALB/BC/S,1,190
9/13/13,September,SB,40,1,,ALB/BC/S,1,182
9/13/13,September,SB,40,1,,ALB/BC/S,2,140
9/13/13,September,SB,40,2,,ALB/BC/S,1,185
9/13/13,September,SB,40,2,,ALB/BC/S,1,185
9/13/13,September,SB,40,2,,ALB/BC/S,1,205
9/13/13,September,SB,40,2,,ALB/BC/S,1,180
9/13/13,September,SB,40,2,,ALB/BC/S,1,189
9/13/13,September,SB,40,2,,ALB/BC/S,1,190
9/13/13,September,SB,40,2,,ALB/BC/S,1,179
9/13/13,September,SB,40,2,,ALB/BC/S,1,188
9/13/13,September,SB,40,2,,ALB/BC/S,1,186
9/13/13,September,SB,40,2,,ALB/BC/S,1,188
9/13/13,September,SB,40,2,,ALB/BC/S,2,152
9/13/13,September,SB,40,2,,ALB/BC/S,1,170
9/13/13,September,SB,40,2,,ALB/BC/S,1,190
9/13/13,September,SB,40,3,,ALB/BC/S,1,186
9/13/13,September,SB,40,3,,ALB/BC/S,1,175
9/13/13,September,SB,40,3,,ALB/BC/S,1,183
9/13/13,September,SB,40,3,,ALB/BC/S,1,160
9/13/13,September,SB,40,3,,ALB/BC/S,2,144
9/13/13,September,SB,40,3,,ALB/BC/S,1,182
9/13/13,September,SB,40,3,,ALB/BC/S,1,188
9/13/13,September,SB,40,3,,ALB/BC/S,2,160
9/13/13,September,SB,40,3,,ALB/BC/S,2,168
9/13/13,September,SB,40,3,,ALB/BC/S,1,157
9/13/13,September,SB,40,3,,ALB/BC/S,2,150
9/13/13,September,SB,40,3,,ALB/BC/S,2,147
9/13/13,September,SB,40,3,,ALB/BC/S,2,154
9/13/13,September,SB,40,3,,ALB/BC/S,1,187
9/13/13,September,SB,40,3,,ALB/BC/S,2,155
9/13/13,September,SB,40,3,,ALB/BC/S,1,182
9/13/13,September,SB,40,3,,ALB/BC/S,2,133
9/17/14,September,NH,40,3,41.7,RF,1,200
9/17/14,September,NH,40,3,41.7,RF,2,161
9/17/14,September,NH,40,2,42,RF,1,165
9/17/14,September,NH,40,2,42,RF,2,168
9/17/14,September,NH,40,2,42,RF,2,149
9/17/14,September,NH,40,2,42,RF,2,163
9/17/14,September,NH,40,2,42,RF,1,159
9/17/14,September,NH,40,2,42,RF,2,123
9/17/14,September,NH,40,2,42,RF,1,183
9/17/14,September,NH,40,2,42,RF,2,169
9/17/14,September,NH,40,2,42,RF,1,189
9/17/14,September,NH,40,2,42,RF,2,122
9/17/14,September,NH,40,2,42,RF,2,152
9/17/14,September,NH,40,1,42,RF,2,166
9/17/14,September,NH,40,1,42,RF,1,155
9/17/14,September,NH,40,1,42,RF,1,180
9/17/14,September,NH,40,1,42,RF,2,162
9/17/14,September,NH,40,1,42,RF,1,150
9/17/14,September,NH,60,3,60.7,RF,2,164
9/17/14,September,NH,60,3,60.7,RF,2,130
9/17/14,September,NH,60,3,60.7,RF,2,148
9/17/14,September,NH,60,3,60.7,RF,2,136
9/17/14,September,NH,60,3,60.7,RF,2,159
9/17/14,September,NH,60,3,60.7,RF,2,135
9/17/14,September,NH,60,3,60.7,RF,2,125
9/17/14,September,NH,60,3,60.7,RF,1,144
9/17/14,September,NH,60,3,60.7,RF,2,140
9/17/14,September,NH,60,3,60.7,RF,2,121
9/17/14,September,NH,60,3,60.7,RF,2,116
9/17/14,September,NH,60,3,60.7,RF,2,136
9/17/14,September,NH,60,3,60.7,RF,2,144
9/17/14,September,NH,60,2,60.8,RF,2,138
9/17/14,September,NH,60,2,60.8,RF,2,141
9/17/14,September,NH,60,2,60.8,RF,2,149
9/17/14,September,NH,60,2,60.8,RF,2,156
9/17/14,September,NH,60,2,60.8,RF,2,162
9/17/14,September,NH,60,2,60.8,RF,1,153
9/17/14,September,NH,60,1,61.2,RF,2,160
9/17/14,September,NH,60,1,61.2,RF,1,189
9/17/14,September,NH,60,1,61.2,RF,2,137
9/17/14,September,NH,60,1,61.2,RF,2,140
9/17/14,September,NH,60,1,61.2,RF,2,130
9/17/14,September,NH,60,1,61.2,RF,2,128
9/17/14,September,NH,60,1,61.2,RF,2,115
9/17/14,September,NH,60,1,61.2,RF,2,126
9/17/14,September,NH,60,1,61.2,RF,2,165
9/17/14,September,NH,60,1,61.2,RF,1,172
9/17/14,September,NH,60,1,61.2,RF,2,123
9/17/14,September,NH,60,1,61.2,RF,2,154
9/17/14,September,NH,60,1,61.2,RF,2,127
9/17/14,September,NH,60,1,61.2,RF,2,153
9/17/14,September,PD,40,1,39.2,RF,1,185
9/17/14,September,PD,40,1,39.2,RF,2,153
9/17/14,September,PD,40,1,39.2,RF,2,139
9/17/14,September,PD,40,1,39.2,RF,2,160
9/17/14,September,PD,40,1,39.2,RF,2,171
9/17/14,September,PD,40,1,39.2,RF,2,168
9/17/14,September,PD,40,1,39.2,RF,2,118
9/17/14,September,PD,40,1,39.2,RF,2,166
9/17/14,September,PD,40,1,39.2,RF,2,153
9/17/14,September,PD,40,1,39.2,RF,2,150
9/17/14,September,PD,40,1,39.2,RF,2,147
9/17/14,September,PD,40,1,39.2,RF,1,169
9/17/14,September,PD,40,2,38.9,RF,2,158
9/17/14,September,PD,40,2,38.9,RF,2,162
9/17/14,September,PD,40,2,38.9,RF,2,159
9/17/14,September,PD,40,2,38.9,RF,2,172
9/17/14,September,PD,40,2,38.9,RF,2,142
9/17/14,September,PD,40,2,38.9,RF,2,161
9/17/14,September,PD,40,2,38.9,RF,2,152
9/17/14,September,PD,40,2,38.9,RF,2,162
9/17/14,September,PD,40,3,39.6,RF,2,154
9/17/14,September,PD,40,3,39.6,RF,2,171
9/17/14,September,PD,40,3,39.6,RF,2,160
9/17/14,September,PD,40,3,39.6,RF,2,158
9/17/14,September,PD,40,3,39.6,RF,2,158
9/17/14,September,PD,40,3,39.6,RF,2,163
9/17/14,September,PD,40,3,39.6,RF,1,177
9/17/14,September,PD,40,3,39.6,RF,2,160
9/17/14,September,PD,40,3,39.6,RF,2,157
9/17/14,September,PD,40,3,39.6,RF,2,168
9/17/14,September,PD,40,3,39.6,RF,2,123
9/17/14,September,PD,40,3,39.6,RF,2,160
9/17/14,September,PD,40,3,39.6,RF,2,166
9/17/14,September,PD,40,3,39.6,RF,2,130
9/17/14,September,PD,40,3,39.6,RF,2,162
9/17/14,September,PD,40,3,39.6,RF,1,159
9/17/14,September,PD,60,1,62.7,RF,1,174
9/17/14,September,PD,60,1,62.7,RF,2,151
9/17/14,September,PD,60,1,62.7,RF,2,151
9/17/14,September,PD,60,1,62.7,RF,2,160
9/17/14,September,PD,60,1,62.7,RF,2,163
9/17/14,September,PD,60,1,62.7,RF,2,161
9/17/14,September,PD,60,1,62.7,RF,2,160
9/17/14,September,PD,60,2,62.3,RF,2,171
9/17/14,September,PD,60,2,62.3,RF,2,156
9/17/14,September,PD,60,2,62.3,RF,2,147
9/17/14,September,PD,60,2,62.3,RF,2,167
9/17/14,September,PD,60,2,62.3,RF,2,134
9/17/14,September,PD,60,2,62.3,RF,2,126
9/17/14,September,PD,60,2,62.3,RF,2,157
9/17/14,September,PD,60,2,62.3,RF,2,173
9/17/14,September,PD,60,2,62.3,RF,2,137
9/17/14,September,PD,60,2,62.3,RF,2,144
9/17/14,September,PD,60,3,62.5,RF,2,158
9/17/14,September,PD,60,3,62.5,RF,2,150
9/17/14,September,PD,60,3,62.5,RF,2,152
9/17/14,September,PD,60,3,62.5,RF,2,165
9/17/14,September,PD,60,3,62.5,RF,2,170
9/17/14,September,SB,40,1,38.9,RF,1,181
9/17/14,September,SB,40,1,38.9,RF,1,188
9/17/14,September,SB,40,1,38.9,RF,1,185
9/17/14,September,SB,40,1,38.9,RF,2,152
9/17/14,September,SB,40,1,38.9,RF,2,168
9/17/14,September,SB,40,1,38.9,RF,2,150
9/17/14,September,SB,40,1,38.9,RF,2,162
9/17/14,September,SB,40,1,38.9,RF,2,133
9/17/14,September,SB,40,1,38.9,RF,1,126
9/17/14,September,SB,40,1,38.9,RF,2,152
9/17/14,September,SB,40,1,38.9,RF,2,145
9/17/14,September,SB,40,1,38.9,RF,2,154
9/17/14,September,SB,40,1,38.9,RF,2,165
9/17/14,September,SB,40,2,39.2,RF,2,162
9/17/14,September,SB,40,2,39.2,RF,2,146
9/17/14,September,SB,40,2,39.2,RF,2,157
9/17/14,September,SB,40,2,39.2,RF,2,164
9/17/14,September,SB,40,2,39.2,RF,1,164
9/17/14,September,SB,40,2,39.2,RF,2,167
9/17/14,September,SB,40,2,39.2,RF,2,162
9/17/14,September,SB,40,2,39.2,RF,2,154
9/17/14,September,SB,40,2,39.2,RF,2,158
9/17/14,September,SB,40,2,39.2,RF,2,164
9/17/14,September,SB,40,2,39.2,RF,2,167
9/17/14,September,SB,40,2,39.2,RF,2,162
9/17/14,September,SB,40,2,39.2,RF,2,154
9/17/14,September,SB,40,2,39.2,RF,2,158
9/17/14,September,SB,40,2,39.2,RF,2,164
9/17/14,September,SB,40,2,39.2,RF,2,167
9/17/14,September,SB,40,2,39.2,RF,2,160
9/17/14,September,SB,40,2,39.2,RF,2,146
9/17/14,September,SB,40,2,39.2,RF,2,156
9/17/14,September,SB,40,2,39.2,RF,2,157
9/17/14,September,SB,40,2,39.2,RF,2,168
9/17/14,September,SB,40,2,39.2,RF,1,168
9/17/14,September,SB,40,2,39.2,RF,1,150
9/17/14,September,SB,40,2,39.2,RF,1,143
9/17/14,September,SB,40,3,39.4,RF,2,163
9/17/14,September,SB,40,3,39.4,RF,2,154
9/17/14,September,SB,40,3,39.4,RF,2,161
9/17/14,September,SB,40,3,39.4,RF,2,158
9/17/14,September,SB,40,3,39.4,RF,2,164
9/17/14,September,SB,40,3,39.4,RF,2,160
9/17/14,September,SB,40,3,39.4,RF,2,159
9/17/14,September,SB,40,3,39.4,RF,2,172
9/17/14,September,SB,40,3,39.4,RF,2,153
9/17/14,September,SB,40,3,39.4,RF,1,176
9/17/14,September,SB,60,1,60,RF,1,180
9/17/14,September,SB,60,1,60,RF,1,183
9/17/14,September,SB,60,1,60,RF,2,150
9/17/14,September,SB,60,1,60,RF,2,148
9/17/14,September,SB,60,1,60,RF,1,185
9/17/14,September,SB,60,2,60.5,RF,1,173
9/17/14,September,SB,60,2,60.5,RF,2,152
9/17/14,September,SB,60,2,60.5,RF,1,182
9/17/14,September,SB,60,2,60.5,RF,1,193
9/17/14,September,SB,60,3,61.1,RF,1,180
9/17/14,September,SB,60,3,61.1,RF,1,183
9/17/14,September,SB,60,3,61.1,RF,1,194
9/17/14,September,SB,60,3,61.1,RF,2,161
9/17/14,September,SB,60,3,61.1,RF,2,165